Workbook

Sheet Cover Page
A1: SENTICRAG | B1: Kế hoạch 14 tuần — 1 người
A2: Bắt đầu | B2: 46321 | C2: Bàn giao | D2: 46416 | E2: Chatbot trước • 75 dòng công việc • đầy đủ input/output, module và công nghệ
A4: Mốc | B4: Giai đoạn | C4: Bắt đầu | D4: Kết thúc | E4: Kết quả cần bàn giao | F4: Tuần | G4: Gate
A5: M0 | B5: Thiết kế chatbot và khóa phạm vi | C5: 46321 | D5: 46325 | E5: Thiết kế chatbot, contract v1, wireframe, backlog, quyết định kỹ thuật và bộ kịch bản nghiệm thu. | F5: W1–W1 | G5: G0
A6: M1 | B6: Chuẩn hóa dữ liệu chính sách cho chatbot | C6: 46328 | D6: 46332 | E6: PolicyDocument/PolicyChunk đã duyệt; catalog nguồn; ingest report; policy-QA và privacy fixtures. | F6: W2–W2 | G6: G1
A7: M2 | B7: Chatbot RAG đầu tiên chạy xuyên suốt | C7: 46335 | D7: 46346 | E7: Chat UI + API + history + retrieval + grounded generation; Docker demo; báo cáo benchmark ban đầu. | F7: W3–W4 | G7: G2
A8: M3 | B8: Chatbot theo đơn hàng và Copilot CSKH | C8: 46349 | D8: 46360 | E8: Policy engine + customer tools + FSM + Agent Workspace; ticket/action/outcome và phản hồi được lưu. | F8: W5–W6 | G8: G3
A9: M4 | B9: ABSA và ingestion toàn corpus | C9: 46363 | D9: 46374 | E9: Baseline + candidate ABSA, report, model card; predictions có version; async worker + router; triage tự động. | F9: W7–W8 | G9: G4
A10: M5 | B10: Dashboard toàn corpus và điều tra bằng evidence | C10: 46377 | D10: 46381 | E10: Analyst/PM dashboard, population/denominator, anomaly alert, drill-down giữ nguyên filters, benchmark review retrieval. | F10: W9–W9 | G10: G5
A11: M6 | B11: GraphRAG và quản trị tri thức | C11: 46384 | D11: 46395 | E11: Ontology v1 + Neo4j + graph traversal; analyst/steward UI; knowledge publish/rollback; chatbot có evidence graph. | F11: W10–W11 | G11: G6
A12: M7 | B12: Closed-loop feedback và cải thiện mô hình | C12: 46398 | D12: 46402 | E12: Versioned annotation datasets; active-learning queue; một retraining/eval cycle; drift monitors và publish decision. | F12: W12–W12 | G12: G7
A13: M8 | B13: Tích hợp, vận hành và bàn giao | C13: 46405 | D13: 46416 | E13: Release bundle, 5 UAT demos, eval suite, deploy/IaC package, runbooks, rollback evidence và coverage ledger. | F13: W13–W14 | G13: G8
B15: Mở các sheet chi tiết bên dưới:
E16: Mục tiêu: chatbot RAG đầu tiên chạy được cuối tuần 4 — 20/11/2026.
B17: Milestones
B18: Milestone Details | E18: 60 ngày công + 9 ngày dự phòng + 1 ngày nghỉ dự kiến 01/01. Các công việc xếp nối tiếp cho một người.
B19: WBS
B20: Task Details | E20: Xem Task Details để đọc input, các bước làm, output, công nghệ và điều kiện hoàn thành từng task.
B21: Capacity
B22: Module Catalog | E22: Chỉnh Task Status tại WBS, cột J. Những sheet khác lấy trạng thái từ WBS.
B23: IO Contracts
B24: Proposal Traceability | E24: Kế hoạch chưa phải kết quả đã triển khai; các target chất lượng, cloud và KPI kinh doanh cần bằng chứng nghiệm thu.
B25: Acceptance Gates
B26: Data Plan
B27: Tech Stack
B28: Decisions
B29: Extensions
B30: Source Register
B31: Notes

Sheet Milestones
A1: MILESTONES | các giai đoạn và gate bàn giao
A2: 1 người • 26/10/2026–31/01/2027 • 14 tuần • ngày T2–T6; 01/01 dành cho nghỉ dự kiến • màu biểu thị trạng thái kế hoạch
A3: ← Cover Page
B4: Người thực hiện: Trần Đình Khương | mọi vai trò kỹ thuật đều do cùng một người đảm nhiệm.
B5: Not Started / In Progress / Done / Blocked / Deferred / Contingency
B6: Lịch và effort tính theo 0,5 ngày; xem Task Details để biết buổi bắt đầu và dependency.
B8: Task | F8: Start date | G8: End date | H8: Responsibility | I8: Deliverable | J8: Task Status | K8: W1 | R8: W2 | Y8: W3 | AF8: W4 | AM8: W5 | AT8: W6 | BA8: W7 | BH8: W8 | BO8: W9 | BV8: W10 | CC8: W11 | CJ8: W12 | CQ8: W13 | CX8: W14
K9: T2 | L9: T3 | M9: T4 | N9: T5 | O9: T6 | P9: T7 | Q9: CN | R9: T2 | S9: T3 | T9: T4 | U9: T5 | V9: T6 | W9: T7 | X9: CN | Y9: T2 | Z9: T3 | AA9: T4 | AB9: T5 | AC9: T6 | AD9: T7 | AE9: CN | AF9: T2 | AG9: T3 | AH9: T4 | AI9: T5 | AJ9: T6 | AK9: T7 | AL9: CN | AM9: T2 | AN9: T3 | AO9: T4 | AP9: T5 | AQ9: T6 | AR9: T7 | AS9: CN | AT9: T2 | AU9: T3 | AV9: T4 | AW9: T5 | AX9: T6 | AY9: T7 | AZ9: CN | BA9: T2 | BB9: T3 | BC9: T4 | BD9: T5 | BE9: T6 | BF9: T7 | BG9: CN | BH9: T2 | BI9: T3 | BJ9: T4 | BK9: T5 | BL9: T6 | BM9: T7 | BN9: CN | BO9: T2 | BP9: T3 | BQ9: T4 | BR9: T5 | BS9: T6 | BT9: T7 | BU9: CN | BV9: T2 | BW9: T3 | BX9: T4 | BY9: T5 | BZ9: T6 | CA9: T7 | CB9: CN | CC9: T2 | CD9: T3 | CE9: T4 | CF9: T5 | CG9: T6 | CH9: T7 | CI9: CN | CJ9: T2 | CK9: T3 | CL9: T4 | CM9: T5 | CN9: T6 | CO9: T7 | CP9: CN | CQ9: T2 | CR9: T3 | CS9: T4 | CT9: T5 | CU9: T6 | CV9: T7 | CW9: CN | CX9: T2 | CY9: T3 | CZ9: T4 | DA9: T5 | DB9: T6 | DC9: T7 | DD9: CN
K10: 46321 | L10: 46322 | M10: 46323 | N10: 46324 | O10: 46325 | P10: 46326 | Q10: 46327 | R10: 46328 | S10: 46329 | T10: 46330 | U10: 46331 | V10: 46332 | W10: 46333 | X10: 46334 | Y10: 46335 | Z10: 46336 | AA10: 46337 | AB10: 46338 | AC10: 46339 | AD10: 46340 | AE10: 46341 | AF10: 46342 | AG10: 46343 | AH10: 46344 | AI10: 46345 | AJ10: 46346 | AK10: 46347 | AL10: 46348 | AM10: 46349 | AN10: 46350 | AO10: 46351 | AP10: 46352 | AQ10: 46353 | AR10: 46354 | AS10: 46355 | AT10: 46356 | AU10: 46357 | AV10: 46358 | AW10: 46359 | AX10: 46360 | AY10: 46361 | AZ10: 46362 | BA10: 46363 | BB10: 46364 | BC10: 46365 | BD10: 46366 | BE10: 46367 | BF10: 46368 | BG10: 46369 | BH10: 46370 | BI10: 46371 | BJ10: 46372 | BK10: 46373 | BL10: 46374 | BM10: 46375 | BN10: 46376 | BO10: 46377 | BP10: 46378 | BQ10: 46379 | BR10: 46380 | BS10: 46381 | BT10: 46382 | BU10: 46383 | BV10: 46384 | BW10: 46385 | BX10: 46386 | BY10: 46387 | BZ10: 46388 | CA10: 46389 | CB10: 46390 | CC10: 46391 | CD10: 46392 | CE10: 46393 | CF10: 46394 | CG10: 46395 | CH10: 46396 | CI10: 46397 | CJ10: 46398 | CK10: 46399 | CL10: 46400 | CM10: 46401 | CN10: 46402 | CO10: 46403 | CP10: 46404 | CQ10: 46405 | CR10: 46406 | CS10: 46407 | CT10: 46408 | CU10: 46409 | CV10: 46410 | CW10: 46411 | CX10: 46412 | CY10: 46413 | CZ10: 46414 | DA10: 46415 | DB10: 46416 | DC10: 46417 | DD10: 46418
B11: M0 | E11: Thiết kế chatbot và khóa phạm vi | F11: 46321 | G11: 46325 | H11: Trần Đình Khương | I11: Thiết kế chatbot, contract v1, wireframe, backlog, quyết định kỹ thuật và bộ kịch bản nghiệm thu. | J11: ='WBS'!J11 | K11: • | L11: • | M11: • | N11: • | O11: •
D12: M0.G | E12: G0 — Review, nghiệm thu và báo cáo giai đoạn | F12: 46324 | G12: 46324 | H12: Trần Đình Khương | I12: docs/reports/milestones/m0-review.md; checklist; demo; manifest phiên bản 0.5 ngày • PM • sau M0.4 | J12: ='WBS'!J16 | N12: ◆
B13: M1 | E13: Chuẩn hóa dữ liệu chính sách cho chatbot | F13: 46328 | G13: 46332 | H13: Trần Đình Khương | I13: PolicyDocument/PolicyChunk đã duyệt; catalog nguồn; ingest report; policy-QA và privacy fixtures. | J13: ='WBS'!J18 | R13: • | S13: • | T13: • | U13: • | V13: •
D14: M1.G | E14: G1 — Review, nghiệm thu và báo cáo giai đoạn | F14: 46331 | G14: 46331 | H14: Trần Đình Khương | I14: docs/reports/milestones/m1-review.md; checklist; demo; manifest phiên bản 0.5 ngày • PM • sau M1.4 | J14: ='WBS'!J23 | U14: ◆
B15: M2 | E15: Chatbot RAG đầu tiên chạy xuyên suốt | F15: 46335 | G15: 46346 | H15: Trần Đình Khương | I15: Chat UI + API + history + retrieval + grounded generation; Docker demo; báo cáo benchmark ban đầu. | J15: ='WBS'!J25 | Y15: • | Z15: • | AA15: • | AB15: • | AC15: • | AF15: • | AG15: • | AH15: • | AI15: • | AJ15: •
D16: M2.G | E16: G2 — Review, nghiệm thu và báo cáo giai đoạn | F16: 46345 | G16: 46345 | H16: Trần Đình Khương | I16: docs/reports/milestones/m2-review.md; checklist; demo; manifest phiên bản 0.5 ngày • PM • sau M2.8 | J16: ='WBS'!J34 | AI16: ◆
B17: M3 | E17: Chatbot theo đơn hàng và Copilot CSKH | F17: 46349 | G17: 46360 | H17: Trần Đình Khương | I17: Policy engine + customer tools + FSM + Agent Workspace; ticket/action/outcome và phản hồi được lưu. | J17: ='WBS'!J36 | AM17: • | AN17: • | AO17: • | AP17: • | AQ17: • | AT17: • | AU17: • | AV17: • | AW17: • | AX17: •
D18: M3.G | E18: G3 — Review, nghiệm thu và báo cáo giai đoạn | F18: 46359 | G18: 46359 | H18: Trần Đình Khương | I18: docs/reports/milestones/m3-review.md; checklist; demo; manifest phiên bản 0.5 ngày • PM • sau M3.8 | J18: ='WBS'!J45 | AW18: ◆
B19: M4 | E19: ABSA và ingestion toàn corpus | F19: 46363 | G19: 46374 | H19: Trần Đình Khương | I19: Baseline + candidate ABSA, report, model card; predictions có version; async worker + router; triage tự động. | J19: ='WBS'!J47 | BA19: • | BB19: • | BC19: • | BD19: • | BE19: • | BH19: • | BI19: • | BJ19: • | BK19: • | BL19: •
D20: M4.G | E20: G4 — Review, nghiệm thu và báo cáo giai đoạn | F20: 46373 | G20: 46373 | H20: Trần Đình Khương | I20: docs/reports/milestones/m4-review.md; checklist; demo; manifest phiên bản 0.5 ngày • PM • sau M4.7 | J20: ='WBS'!J55 | BK20: ◆
B21: M5 | E21: Dashboard toàn corpus và điều tra bằng evidence | F21: 46377 | G21: 46381 | H21: Trần Đình Khương | I21: Analyst/PM dashboard, population/denominator, anomaly alert, drill-down giữ nguyên filters, benchmark review retrieval. | J21: ='WBS'!J57 | BO21: • | BP21: • | BQ21: • | BR21: • | BS21: •
D22: M5.G | E22: G5 — Review, nghiệm thu và báo cáo giai đoạn | F22: 46380 | G22: 46380 | H22: Trần Đình Khương | I22: docs/reports/milestones/m5-review.md; checklist; demo; manifest phiên bản 0.5 ngày • PM • sau M5.4 | J22: ='WBS'!J62 | BR22: ◆
B23: M6 | E23: GraphRAG và quản trị tri thức | F23: 46384 | G23: 46395 | H23: Trần Đình Khương | I23: Ontology v1 + Neo4j + graph traversal; analyst/steward UI; knowledge publish/rollback; chatbot có evidence graph. | J23: ='WBS'!J64 | BV23: • | BW23: • | BX23: • | BY23: • | BZ23: • | CC23: • | CD23: • | CE23: • | CF23: • | CG23: •
D24: M6.G | E24: G6 — Review, nghiệm thu và báo cáo giai đoạn | F24: 46395 | G24: 46395 | H24: Trần Đình Khương | I24: docs/reports/milestones/m6-review.md; checklist; demo; manifest phiên bản 0.5 ngày • PM • sau M6.9 | J24: ='WBS'!J74 | CG24: ◆
B25: M7 | E25: Closed-loop feedback và cải thiện mô hình | F25: 46398 | G25: 46402 | H25: Trần Đình Khương | I25: Versioned annotation datasets; active-learning queue; một retraining/eval cycle; drift monitors và publish decision. | J25: ='WBS'!J76 | CJ25: • | CK25: • | CL25: • | CM25: • | CN25: •
D26: M7.G | E26: G7 — Review, nghiệm thu và báo cáo giai đoạn | F26: 46401 | G26: 46401 | H26: Trần Đình Khương | I26: docs/reports/milestones/m7-review.md; checklist; demo; manifest phiên bản 0.5 ngày • PM • sau M7.5 | J26: ='WBS'!J82 | CM26: ◆
B27: M8 | E27: Tích hợp, vận hành và bàn giao | F27: 46405 | G27: 46416 | H27: Trần Đình Khương | I27: Release bundle, 5 UAT demos, eval suite, deploy/IaC package, runbooks, rollback evidence và coverage ledger. | J27: ='WBS'!J84 | CQ27: • | CR27: • | CS27: • | CT27: • | CU27: • | CX27: • | CY27: • | CZ27: • | DA27: • | DB27: •
D28: M8.G | E28: G8 — Review, nghiệm thu và báo cáo giai đoạn | F28: 46414 | G28: 46414 | H28: Trần Đình Khương | I28: docs/reports/milestones/m8-review.md; checklist; demo; manifest phiên bản 0.5 ngày • PM • sau M8.8 | J28: ='WBS'!J93 | CZ28: ◆

Sheet Milestone Details
A1: MILESTONE DETAILS | input, output và cách hoàn thành
A2: Mọi giai đoạn triển khai nối tiếp bởi một người. Entry gate không đạt thì các việc phụ thuộc phải dừng/sửa hoặc rebaseline.
A3: ← Cover Page
A4: ID | B4: Giai đoạn | C4: Tuần | D4: Bắt đầu | E4: Kết thúc | F4: Mục tiêu | G4: Entry criteria / phụ thuộc | H4: Input | I4: Output / bàn giao | J4: Modules | K4: Công nghệ | L4: Demo / cách nghiệm thu | M4: User story coverage | N4: Ngày công | O4: Gate
A5: M0 | B5: Thiết kế chatbot và khóa phạm vi | C5: W1–W1 | D5: 46321 | E5: 46325 | F5: Chốt kiến trúc hội thoại trước, hợp đồng dùng chung và tiêu chí 14 tuần cho một người. | G5: START; 1 người, 5 ngày làm việc/tuần; kiểm kê API key, máy/GPU, cloud và quyền dữ liệu. | H5: Architecture, 5 user stories, mã khung hiện tại, dữ liệu crawl và mẫu Excel. | I5: Thiết kế chatbot, contract v1, wireframe, backlog, quyết định kỹ thuật và bộ kịch bản nghiệm thu. | J5: MOD-01, MOD-03, MOD-04, MOD-12 | K5: FastAPI/Pydantic; PostgreSQL; React/TypeScript (đề xuất); Docker Compose | L5: Walkthrough 3 lượt: hỏi chính sách → hỏi tiếp → thiếu bằng chứng/chuyển người xử lý. | M5: US-BUY-01 nền tảng; thiết kế đủ US-AGENT/ANALYST/PM/STEWARD | N5: 4 core + 1 reserve | O5: G0
A6: M1 | B6: Chuẩn hóa dữ liệu chính sách cho chatbot | C6: W2–W2 | D6: 46328 | E6: 46332 | F6: Biến dữ liệu crawl thành knowledge base được kiểm duyệt và truy nguồn. | G6: G0 PASS; tài liệu có quyền sử dụng; chốt phạm vi demo 5–10 policy (~30 điều khoản). | H6: Raw HTML/text/page.json/report từ Data_crawling; tài liệu do người dùng cung cấp. | I6: PolicyDocument/PolicyChunk đã duyệt; catalog nguồn; ingest report; policy-QA và privacy fixtures. | J6: MOD-02, MOD-06, MOD-12 | K6: Python parser; Pydantic; PostgreSQL; JSONL; regex + NER | L6: Từ URL gốc → nội dung sạch → đoạn trích chứa đủ điều kiện/ngoại lệ. | M6: US-BUY-01 / US-AGENT-01 nguồn chính sách; US-STEWARD-01 duyệt tài liệu | N6: 4 core + 1 reserve | O6: G1
A7: M2 | B7: Chatbot RAG đầu tiên chạy xuyên suốt | C7: W3–W4 | D7: 46335 | E7: 46346 | F7: Bàn giao chatbot tiếng Việt có hội thoại, evidence và fallback trên dữ liệu thật đã làm sạch. | G7: G1 PASS; API key/provider hoặc mô hình local chạy được; máy đủ embedding corpus nhỏ. | H7: Policy chunks approved, contracts/chat wireframe, golden sets, provider cấu hình được. | I7: Chat UI + API + history + retrieval + grounded generation; Docker demo; báo cáo benchmark ban đầu. | J7: MOD-01, MOD-03, MOD-04, MOD-12 | K7: FastAPI; React/TypeScript; PostgreSQL; Redis; Qdrant; BM25/RRF; LLM API; BGE candidate | L7: Hỏi đổi trả → hỏi tiếp ngoại lệ → hiện nguồn; câu không đủ evidence → clarification/handoff. | M7: US-BUY-01 mức policy Q&A; US-AGENT-01 evidence nền tảng; chưa đủ full story | N7: 9 core + 1 reserve | O7: G2
A8: M3 | B8: Chatbot theo đơn hàng và Copilot CSKH | C8: W5–W6 | D8: 46349 | E8: 46360 | F8: Thêm quyết định chính sách có kiểm soát, chuyển người xử lý và lưu outcome. | G8: G2 PASS; data demo được đánh dấu synthetic; quyền CRM thật chỉ cần khi chọn live adapter. | H8: Chatbot G2; policy clauses; seed products/orders/customers; resolution scenarios. | I8: Policy engine + customer tools + FSM + Agent Workspace; ticket/action/outcome và phản hồi được lưu. | J8: MOD-01, MOD-03, MOD-05, MOD-06, MOD-11, MOD-12 | K8: PostgreSQL; deterministic rules; FastAPI; MCP adapters; React; bounded FSM | L8: Đơn còn hạn → draft có điều kiện; hết hạn/không sở hữu đơn → không hứa quyền lợi; agent sửa/duyệt/escalate. | M8: US-BUY-01 resolution path; US-AGENT-01 workspace/outcomes; ABSA tự động bổ sung M4 | N8: 9 core + 1 reserve | O8: G3
A9: M4 | B9: ABSA và ingestion toàn corpus | C9: W7–W8 | D9: 46363 | E9: 46374 | F9: Tạo dữ liệu sentiment/aspect thật để triage và thống kê toàn bộ corpus. | G9: G3 PASS; chốt dataset/license/splits tại M0; compute đã sẵn hoặc candidate không chạy ghi BLOCKED. | H9: Review/ticket/chat đã mask; UIT-ViSFD/ViSD4SA được phép sử dụng; taxonomy; corrections. | I9: Baseline + candidate ABSA, report, model card; predictions có version; async worker + router; triage tự động. | J9: MOD-02, MOD-07, MOD-12 | K9: scikit-learn; PyTorch/Transformers/PhoBERT candidate; PostgreSQL; Redis Streams | L9: “Máy đẹp nhưng pin yếu” → hai aspect/polarity; toàn corpus được xử lý, ticket card có triage thật. | M9: Hoàn thiện BUY-AC-01; US-AGENT-01 triage; nền US-ANALYST-01/US-PM-01 | N9: 9 core + 1 reserve | O9: G4
A10: M5 | B10: Dashboard toàn corpus và điều tra bằng evidence | C10: W9–W9 | D10: 46377 | E10: 46381 | F10: Nối thống kê toàn bộ dữ liệu với truy xuất các trường hợp đại diện. | G10: G4 PASS hoặc demo hạn chế được ghi rõ; model/index snapshot đồng nhất. | H10: Versioned ABSA predictions, review metadata, ticket outcomes, retrieval service. | I10: Analyst/PM dashboard, population/denominator, anomaly alert, drill-down giữ nguyên filters, benchmark review retrieval. | J10: MOD-04, MOD-09, MOD-10 | K10: PostgreSQL aggregates; React charts; Qdrant; RRF/reranker; scheduled worker | L10: Click spike pin theo firmware → xem 5–10 cases cùng cohort; không dùng Top-K làm tỷ lệ toàn corpus. | M10: US-ANALYST-01 quant→qual; US-PM-01 trend/outcome; graph enrichment ở M6 | N10: 4 core + 1 reserve | O10: G5
A11: M6 | B11: GraphRAG và quản trị tri thức | C11: W10–W11 | D11: 46384 | E11: 46395 | F11: Liên kết issue/version/cause/policy/resolution, đưa kết luận đã duyệt trở lại chatbot. | G11: G5 PASS; ontology canonical thống nhất giữa blueprint và schema rút gọn. | H11: Evidence cohorts, taxonomy, product versions, policy registry, confirmed synthetic known issues. | I11: Ontology v1 + Neo4j + graph traversal; analyst/steward UI; knowledge publish/rollback; chatbot có evidence graph. | J11: MOD-04, MOD-06, MOD-08, MOD-10, MOD-11 | K11: Neo4j; Cypher; Python driver; PostgreSQL approval log; React | L11: Spike → analyst hypothesis → steward approve → publish → ticket mới nhận draft dựa trên cause confirmed. | M11: Hoàn thiện US-ANALYST-01, US-STEWARD-01; graph context cho US-BUY/AGENT/PM | N11: 9 core + 1 reserve | O11: G6
A12: M7 | B12: Closed-loop feedback và cải thiện mô hình | C12: W12–W12 | D12: 46398 | E12: 46402 | F12: Đưa chỉnh sửa đã duyệt vào dữ liệu đánh giá/huấn luyện và đo chất lượng qua phiên bản. | G12: G6 PASS; có correction fixtures và giới hạn training budget; test set vẫn locked. | H12: Agent edits, ABSA corrections, retrieval judgments, outcome events, stewardship logs. | I12: Versioned annotation datasets; active-learning queue; một retraining/eval cycle; drift monitors và publish decision. | J12: MOD-07, MOD-09, MOD-11, MOD-12 | K12: PostgreSQL; Python export/retrain; existing model pipeline; OpenTelemetry/Prometheus | L12: Sửa nhãn → review → export dataset v2 → train candidate → regression → giữ/publish có lý do. | M12: US-AGENT-01 feedback; AN-AC-06; US-STEWARD-01 governed learning; US-PM-01 effectiveness | N12: 4 core + 1 reserve | O12: G7
A13: M8 | B13: Tích hợp, vận hành và bàn giao | C13: W13–W14 | D13: 46405 | E13: 46416 | F13: Chứng minh phạm vi demo 5 user stories; chuẩn bị release tái lập và ghi trung thực khoảng cách production. | G13: G7 PASS; live cloud cần account/budget/approval và reviewer; thiếu thì cloud gate BLOCKED, local demo vẫn báo riêng. | H13: G0–G7 evidence; candidate app/model/index/graph/policy; frozen eval; resource access. | I13: Release bundle, 5 UAT demos, eval suite, deploy/IaC package, runbooks, rollback evidence và coverage ledger. | J13: MOD-01..MOD-12 | K13: Docker; GitHub Actions; Helm/Terraform/EKS target; OTel/Prometheus; pytest; load harness | L13: Tái dựng từ manifest; chạy 5 persona; ngắt dependency; rollback app/model/knowledge; xem báo cáo thật. | M13: Tất cả stories ở phạm vi demo; production/business KPI là gate riêng không tự nhận đã đạt | N13: 8 core + 2 reserve | O13: G8

Sheet WBS
A1: WORK BREAKDOWN STRUCTURE | lịch từng công việc
A2: 1 người • 26/10/2026–31/01/2027 • 14 tuần • ngày T2–T6; 01/01 dành cho nghỉ dự kiến • màu biểu thị trạng thái kế hoạch
A3: ← Cover Page
B4: Người thực hiện: Trần Đình Khương | mọi vai trò kỹ thuật đều do cùng một người đảm nhiệm.
B5: Not Started / In Progress / Done / Blocked / Deferred / Contingency
B6: Lịch và effort tính theo 0,5 ngày; xem Task Details để biết buổi bắt đầu và dependency.
B8: Task | F8: Start date | G8: End date | H8: Responsibility | I8: Deliverable | J8: Task Status | K8: W1 | R8: W2 | Y8: W3 | AF8: W4 | AM8: W5 | AT8: W6 | BA8: W7 | BH8: W8 | BO8: W9 | BV8: W10 | CC8: W11 | CJ8: W12 | CQ8: W13 | CX8: W14
K9: T2 | L9: T3 | M9: T4 | N9: T5 | O9: T6 | P9: T7 | Q9: CN | R9: T2 | S9: T3 | T9: T4 | U9: T5 | V9: T6 | W9: T7 | X9: CN | Y9: T2 | Z9: T3 | AA9: T4 | AB9: T5 | AC9: T6 | AD9: T7 | AE9: CN | AF9: T2 | AG9: T3 | AH9: T4 | AI9: T5 | AJ9: T6 | AK9: T7 | AL9: CN | AM9: T2 | AN9: T3 | AO9: T4 | AP9: T5 | AQ9: T6 | AR9: T7 | AS9: CN | AT9: T2 | AU9: T3 | AV9: T4 | AW9: T5 | AX9: T6 | AY9: T7 | AZ9: CN | BA9: T2 | BB9: T3 | BC9: T4 | BD9: T5 | BE9: T6 | BF9: T7 | BG9: CN | BH9: T2 | BI9: T3 | BJ9: T4 | BK9: T5 | BL9: T6 | BM9: T7 | BN9: CN | BO9: T2 | BP9: T3 | BQ9: T4 | BR9: T5 | BS9: T6 | BT9: T7 | BU9: CN | BV9: T2 | BW9: T3 | BX9: T4 | BY9: T5 | BZ9: T6 | CA9: T7 | CB9: CN | CC9: T2 | CD9: T3 | CE9: T4 | CF9: T5 | CG9: T6 | CH9: T7 | CI9: CN | CJ9: T2 | CK9: T3 | CL9: T4 | CM9: T5 | CN9: T6 | CO9: T7 | CP9: CN | CQ9: T2 | CR9: T3 | CS9: T4 | CT9: T5 | CU9: T6 | CV9: T7 | CW9: CN | CX9: T2 | CY9: T3 | CZ9: T4 | DA9: T5 | DB9: T6 | DC9: T7 | DD9: CN
K10: 46321 | L10: 46322 | M10: 46323 | N10: 46324 | O10: 46325 | P10: 46326 | Q10: 46327 | R10: 46328 | S10: 46329 | T10: 46330 | U10: 46331 | V10: 46332 | W10: 46333 | X10: 46334 | Y10: 46335 | Z10: 46336 | AA10: 46337 | AB10: 46338 | AC10: 46339 | AD10: 46340 | AE10: 46341 | AF10: 46342 | AG10: 46343 | AH10: 46344 | AI10: 46345 | AJ10: 46346 | AK10: 46347 | AL10: 46348 | AM10: 46349 | AN10: 46350 | AO10: 46351 | AP10: 46352 | AQ10: 46353 | AR10: 46354 | AS10: 46355 | AT10: 46356 | AU10: 46357 | AV10: 46358 | AW10: 46359 | AX10: 46360 | AY10: 46361 | AZ10: 46362 | BA10: 46363 | BB10: 46364 | BC10: 46365 | BD10: 46366 | BE10: 46367 | BF10: 46368 | BG10: 46369 | BH10: 46370 | BI10: 46371 | BJ10: 46372 | BK10: 46373 | BL10: 46374 | BM10: 46375 | BN10: 46376 | BO10: 46377 | BP10: 46378 | BQ10: 46379 | BR10: 46380 | BS10: 46381 | BT10: 46382 | BU10: 46383 | BV10: 46384 | BW10: 46385 | BX10: 46386 | BY10: 46387 | BZ10: 46388 | CA10: 46389 | CB10: 46390 | CC10: 46391 | CD10: 46392 | CE10: 46393 | CF10: 46394 | CG10: 46395 | CH10: 46396 | CI10: 46397 | CJ10: 46398 | CK10: 46399 | CL10: 46400 | CM10: 46401 | CN10: 46402 | CO10: 46403 | CP10: 46404 | CQ10: 46405 | CR10: 46406 | CS10: 46407 | CT10: 46408 | CU10: 46409 | CV10: 46410 | CW10: 46411 | CX10: 46412 | CY10: 46413 | CZ10: 46414 | DA10: 46415 | DB10: 46416 | DC10: 46417 | DD10: 46418
B11: M0 | E11: Thiết kế chatbot và khóa phạm vi | F11: 46321 | G11: 46325 | H11: Trần Đình Khương | I11: Thiết kế chatbot, contract v1, wireframe, backlog, quyết định kỹ thuật và bộ kịch bản nghiệm thu. | J11: =IF(COUNTIF(J12:J16,"Done")=5,"Done",IF(COUNTIF(J12:J16,"Blocked")>0,"Blocked",IF(COUNTIF(J12:J16,"Done")+COUNTIF(J12:J16,"In Progress")>0,"In Progress","Not Started"))) | K11: • | L11: • | M11: • | N11: • | O11: •
D12: M0.1 | E12: Audit repo và lập danh mục yêu cầu | F12: 46321 | G12: 46321 | H12: Trần Đình Khương | I12: Baseline inventory; Source Register; traceability IDs; danh sách mâu thuẫn 0.5 ngày • AM • sau START | J12: Not Started | K12: •
D13: M0.2 | E13: Thiết kế UX chatbot, phạm vi và luồng hội thoại | F13: 46321 | G13: 46322 | H13: Trần Đình Khương | I13: Wireframe + conversation flow + scope MVP chatbot tuần 4 1 ngày • PM • sau M0.1 | J13: Not Started | K13: • | L13: •
D14: M0.3 | E14: Khóa contract, dữ liệu, công nghệ và API | F14: 46322 | G14: 46323 | H14: Trần Đình Khương | I14: ADR + schema/chat examples; OpenAPI dự kiến; bảng module; capability/provider matrix 1 ngày • PM • sau M0.2 | J14: Not Started | L14: • | M14: •
D15: M0.4 | E15: Thiết lập nền phát triển và thiết kế nghiệm thu | F15: 46323 | G15: 46324 | H15: Trần Đình Khương | I15: Khung ứng dụng có smoke; test plan và rubric; baseline measurement protocol 1 ngày • PM • sau M0.3 | J15: Not Started | M15: • | N15: •
D16: M0.G | E16: G0 — Review, nghiệm thu và báo cáo giai đoạn | F16: 46324 | G16: 46324 | H16: Trần Đình Khương | I16: docs/reports/milestones/m0-review.md; checklist; demo; manifest phiên bản 0.5 ngày • PM • sau M0.4 | J16: Not Started | N16: ◆
D17: M0.B | E17: Dự phòng sửa lỗi, tích hợp hoặc nghỉ theo lịch thực tế | F17: 46325 | G17: 46325 | H17: Trần Đình Khương | I17: Gate được kiểm tra lại; nhật ký sử dụng dự phòng và lịch cập nhật Reserve | J17: Contingency | O17: •
B18: M1 | E18: Chuẩn hóa dữ liệu chính sách cho chatbot | F18: 46328 | G18: 46332 | H18: Trần Đình Khương | I18: PolicyDocument/PolicyChunk đã duyệt; catalog nguồn; ingest report; policy-QA và privacy fixtures. | J18: =IF(COUNTIF(J19:J23,"Done")=5,"Done",IF(COUNTIF(J19:J23,"Blocked")>0,"Blocked",IF(COUNTIF(J19:J23,"Done")+COUNTIF(J19:J23,"In Progress")>0,"In Progress","Not Started"))) | R18: • | S18: • | T18: • | U18: • | V18: •
D19: M1.1 | E19: Kiểm kê và tiếp nhận snapshot crawler | F19: 46328 | G19: 46328 | H19: Trần Đình Khương | I19: source_inventory.csv; raw manifest có URL, hash, crawl time, status 0.5 ngày • AM • sau M0.G | J19: Not Started | R19: •
D20: M1.2 | E20: Làm sạch, chia đoạn và gắn provenance | F20: 46328 | G20: 46329 | H20: Trần Đình Khương | I20: policies_clean.jsonl; policy_chunks.jsonl; cleaning QA report 1 ngày • PM • sau M1.1 | J20: Not Started | R20: • | S20: •
D21: M1.3 | E21: Policy catalog, trạng thái duyệt và PII boundary | F21: 46329 | G21: 46330 | H21: Trần Đình Khương | I21: Registry migrations; policy versions; masking service; fixture assertions 1 ngày • PM • sau M1.2 | J21: Not Started | S21: • | T21: •
D22: M1.4 | E22: Tạo bộ đánh giá chatbot và privacy ban đầu | F22: 46330 | G22: 46331 | H22: Trần Đình Khương | I22: golden_policy_queries.jsonl; chat_eval.jsonl; pii_eval.jsonl + manifests 1 ngày • PM • sau M1.3 | J22: Not Started | T22: • | U22: •
D23: M1.G | E23: G1 — Review, nghiệm thu và báo cáo giai đoạn | F23: 46331 | G23: 46331 | H23: Trần Đình Khương | I23: docs/reports/milestones/m1-review.md; checklist; demo; manifest phiên bản 0.5 ngày • PM • sau M1.4 | J23: Not Started | U23: ◆
D24: M1.B | E24: Dự phòng sửa lỗi, tích hợp hoặc nghỉ theo lịch thực tế | F24: 46332 | G24: 46332 | H24: Trần Đình Khương | I24: Gate được kiểm tra lại; nhật ký sử dụng dự phòng và lịch cập nhật Reserve | J24: Contingency | V24: •
B25: M2 | E25: Chatbot RAG đầu tiên chạy xuyên suốt | F25: 46335 | G25: 46346 | H25: Trần Đình Khương | I25: Chat UI + API + history + retrieval + grounded generation; Docker demo; báo cáo benchmark ban đầu. | J25: =IF(COUNTIF(J26:J34,"Done")=9,"Done",IF(COUNTIF(J26:J34,"Blocked")>0,"Blocked",IF(COUNTIF(J26:J34,"Done")+COUNTIF(J26:J34,"In Progress")>0,"In Progress","Not Started"))) | Y25: • | Z25: • | AA25: • | AB25: • | AC25: • | AF25: • | AG25: • | AH25: • | AI25: • | AJ25: •
D26: M2.1 | E26: Lập chỉ mục và retrieval có bộ lọc | F26: 46335 | G26: 46336 | H26: Trần Đình Khương | I26: Index build pipeline; retrieval service; source resolver; index manifest 1.5 ngày • AM • sau M1.G | J26: Not Started | Y26: • | Z26: •
D27: M2.2 | E27: Benchmark BM25, dense và hybrid RRF | F27: 46336 | G27: 46337 | H27: Trần Đình Khương | I27: retrieval_policy_baseline.json + report + selected config 1 ngày • PM • sau M2.1 | J27: Not Started | Z27: • | AA27: •
D28: M2.3 | E28: Đánh giá reranker trên tập nhỏ | F28: 46337 | G28: 46337 | H28: Trần Đình Khương | I28: Reranker adapter; enable/disable ADR và giới hạn tài nguyên 0.5 ngày • PM • sau M2.2 | J28: Not Started | AA28: •
D29: M2.4 | E29: Sinh câu trả lời có nguồn và kiểm soát đầu ra | F29: 46338 | G29: 46338 | H29: Trần Đình Khương | I29: LLM service + guardrails + Answer contract 1 ngày • AM • sau M2.3 | J29: Not Started | AB29: •
D30: M2.5 | E30: API chat, phiên và bộ nhớ nhiều lượt | F30: 46339 | G30: 46342 | H30: Trần Đình Khương | I30: Conversation service; migrations; session/history endpoints; auth integration 1.5 ngày • AM • sau M2.4 | J30: Not Started | AC30: • | AF30: •
D31: M2.6 | E31: Giao diện chatbot và nguồn tham khảo | F31: 46342 | G31: 46343 | H31: Trần Đình Khương | I31: Buyer Chat trong apps/web chạy với backend thật; UI smoke scripts 1.5 ngày • PM • sau M2.5 | J31: Not Started | AF31: • | AG31: •
D32: M2.7 | E32: Telemetry, đóng gói demo và xử lý dependency fail | F32: 46344 | G32: 46344 | H32: Trần Đình Khương | I32: Compose demo; logs/traces; run instructions 0.5 ngày • AM • sau M2.6 | J32: Not Started | AH32: •
D33: M2.8 | E33: Đánh giá chatbot end-to-end và sửa lỗi | F33: 46344 | G33: 46345 | H33: Trần Đình Khương | I33: chatbot_mvp_eval report; demo recording; regression suite 1 ngày • PM • sau M2.7 | J33: Not Started | AH33: • | AI33: •
D34: M2.G | E34: G2 — Review, nghiệm thu và báo cáo giai đoạn | F34: 46345 | G34: 46345 | H34: Trần Đình Khương | I34: docs/reports/milestones/m2-review.md; checklist; demo; manifest phiên bản 0.5 ngày • PM • sau M2.8 | J34: Not Started | AI34: ◆
D35: M2.B | E35: Dự phòng sửa lỗi, tích hợp hoặc nghỉ theo lịch thực tế | F35: 46346 | G35: 46346 | H35: Trần Đình Khương | I35: Gate được kiểm tra lại; nhật ký sử dụng dự phòng và lịch cập nhật Reserve | J35: Contingency | AJ35: •
B36: M3 | E36: Chatbot theo đơn hàng và Copilot CSKH | F36: 46349 | G36: 46360 | H36: Trần Đình Khương | I36: Policy engine + customer tools + FSM + Agent Workspace; ticket/action/outcome và phản hồi được lưu. | J36: =IF(COUNTIF(J37:J45,"Done")=9,"Done",IF(COUNTIF(J37:J45,"Blocked")>0,"Blocked",IF(COUNTIF(J37:J45,"Done")+COUNTIF(J37:J45,"In Progress")>0,"In Progress","Not Started"))) | AM36: • | AN36: • | AO36: • | AP36: • | AQ36: • | AT36: • | AU36: • | AV36: • | AW36: • | AX36: •
D37: M3.1 | E37: Mô hình đơn hàng, ticket, action và outcome | F37: 46349 | G37: 46349 | H37: Trần Đình Khương | I37: Relational seed + schema + ticket lifecycle endpoints 1 ngày • AM • sau M2.G | J37: Not Started | AM37: •
D38: M3.2 | E38: Tra cứu đơn hàng có xác thực và kiểm soát truy cập | F38: 46350 | G38: 46350 | H38: Trần Đình Khương | I38: Customer context service + tool schemas + seed CRM adapter 1 ngày • AM • sau M3.1 | J38: Not Started | AN38: •
D39: M3.3 | E39: Policy engine xác định quyền lợi bằng rule | F39: 46351 | G39: 46351 | H39: Trần Đình Khương | I39: PolicyDecision service; rule tests; evidence-linked decision log 1 ngày • AM • sau M3.2 | J39: Not Started | AO39: •
D40: M3.4 | E40: FSM resolution, MCP tools và reflection hữu hạn | F40: 46352 | G40: 46353 | H40: Trần Đình Khương | I40: Resolution orchestrator; /api/v1/resolution/draft nối thật; tool integration tests 1.5 ngày • AM • sau M3.3 | J40: Not Started | AP40: • | AQ40: •
D41: M3.5 | E41: Agent Workspace: context, evidence và review | F41: 46353 | G41: 46356 | H41: Trần Đình Khương | I41: Agent Copilot trong apps/web + review endpoints; browser flows 1.5 ngày • PM • sau M3.4 | J41: Not Started | AQ41: • | AT41: •
D42: M3.6 | E42: Lưu phản hồi cuối, outcome và business events | F42: 46357 | G42: 46357 | H42: Trần Đình Khương | I42: Outcome API; audit events; metric dictionary và baseline captures 1 ngày • AM • sau M3.5 | J42: Not Started | AU42: •
D43: M3.7 | E43: Đánh giá resolution và luồng hỗ trợ | F43: 46358 | G43: 46358 | H43: Trần Đình Khương | I43: Resolution eval v1; UAT agent/buyer; baseline report 1 ngày • AM • sau M3.6 | J43: Not Started | AV43: •
D44: M3.8 | E44: Cô lập công cụ và lỗi thực thi | F44: 46359 | G44: 46359 | H44: Trần Đình Khương | I44: Task isolation config; timeout/retry audit; microVM decision 0.5 ngày • AM • sau M3.7 | J44: Not Started | AW44: •
D45: M3.G | E45: G3 — Review, nghiệm thu và báo cáo giai đoạn | F45: 46359 | G45: 46359 | H45: Trần Đình Khương | I45: docs/reports/milestones/m3-review.md; checklist; demo; manifest phiên bản 0.5 ngày • PM • sau M3.8 | J45: Not Started | AW45: ◆
D46: M3.B | E46: Dự phòng sửa lỗi, tích hợp hoặc nghỉ theo lịch thực tế | F46: 46360 | G46: 46360 | H46: Trần Đình Khương | I46: Gate được kiểm tra lại; nhật ký sử dụng dự phòng và lịch cập nhật Reserve | J46: Contingency | AX46: •
B47: M4 | E47: ABSA và ingestion toàn corpus | F47: 46363 | G47: 46374 | H47: Trần Đình Khương | I47: Baseline + candidate ABSA, report, model card; predictions có version; async worker + router; triage tự động. | J47: =IF(COUNTIF(J48:J55,"Done")=8,"Done",IF(COUNTIF(J48:J55,"Blocked")>0,"Blocked",IF(COUNTIF(J48:J55,"Done")+COUNTIF(J48:J55,"In Progress")>0,"In Progress","Not Started"))) | BA47: • | BB47: • | BC47: • | BD47: • | BE47: • | BH47: • | BI47: • | BJ47: • | BK47: • | BL47: •
D48: M4.1 | E48: Khóa taxonomy, splits và dataset provenance | F48: 46363 | G48: 46363 | H48: Trần Đình Khương | I48: aspect_taxonomy_v1.yaml; train/dev/test parquet + data card/manifests 1 ngày • AM • sau M3.G | J48: Not Started | BA48: •
D49: M4.2 | E49: ABSA baseline và evaluation harness | F49: 46364 | G49: 46364 | H49: Trần Đình Khương | I49: Baseline model; inference; eval scripts; confusion matrices 1 ngày • AM • sau M4.1 | J49: Not Started | BB49: •
D50: M4.3 | E50: Huấn luyện candidate và evidence spans | F50: 46365 | G50: 46366 | H50: Trần Đình Khương | I50: Candidate checkpoint; logs; calibration; span extraction report; model card 2 ngày • AM • sau M4.2 | J50: Not Started | BC50: • | BD50: •
D51: M4.4 | E51: Chốt model bằng benchmark và release floor | F51: 46367 | G51: 46367 | H51: Trần Đình Khương | I51: ABSA comparison report; champion config; release decision 1 ngày • AM • sau M4.3 | J51: Not Started | BE51: •
D52: M4.5 | E52: Ingestion, queue và batch phủ toàn corpus | F52: 46370 | G52: 46371 | H52: Trần Đình Khương | I52: Pipeline A; workers; absa_predictions; feedback_reviews index; coverage report 1.5 ngày • AM • sau M4.4 | J52: Not Started | BH52: • | BI52: •
D53: M4.6 | E53: Semantic router, rate limit và triage API | F53: 46371 | G53: 46372 | H53: Trần Đình Khương | I53: Router dataset/card; router service; rate limiter; /api/v1/absa/predict 1 ngày • PM • sau M4.5 | J53: Not Started | BI53: • | BJ53: •
D54: M4.7 | E54: Tích hợp triage thật vào chatbot và workspace | F54: 46372 | G54: 46373 | H54: Trần Đình Khương | I54: Ticket triage v1; correction endpoint; buyer/agent regression 1 ngày • PM • sau M4.6 | J54: Not Started | BJ54: • | BK54: •
D55: M4.G | E55: G4 — Review, nghiệm thu và báo cáo giai đoạn | F55: 46373 | G55: 46373 | H55: Trần Đình Khương | I55: docs/reports/milestones/m4-review.md; checklist; demo; manifest phiên bản 0.5 ngày • PM • sau M4.7 | J55: Not Started | BK55: ◆
D56: M4.B | E56: Dự phòng sửa lỗi, tích hợp hoặc nghỉ theo lịch thực tế | F56: 46374 | G56: 46374 | H56: Trần Đình Khương | I56: Gate được kiểm tra lại; nhật ký sử dụng dự phòng và lịch cập nhật Reserve | J56: Contingency | BL56: •
B57: M5 | E57: Dashboard toàn corpus và điều tra bằng evidence | F57: 46377 | G57: 46381 | H57: Trần Đình Khương | I57: Analyst/PM dashboard, population/denominator, anomaly alert, drill-down giữ nguyên filters, benchmark review retrieval. | J57: =IF(COUNTIF(J58:J62,"Done")=5,"Done",IF(COUNTIF(J58:J62,"Blocked")>0,"Blocked",IF(COUNTIF(J58:J62,"Done")+COUNTIF(J58:J62,"In Progress")>0,"In Progress","Not Started"))) | BO57: • | BP57: • | BQ57: • | BR57: • | BS57: •
D58: M5.1 | E58: Metrics SQL, lineage và cảnh báo | F58: 46377 | G58: 46377 | H58: Trần Đình Khương | I58: Aggregate APIs; metric lineage; scheduled anomaly jobs 1 ngày • AM • sau M4.G | J58: Not Started | BO58: •
D59: M5.2 | E59: Dashboard Analyst/PM và business outcomes | F59: 46378 | G59: 46378 | H59: Trần Đình Khương | I59: apps/analyst_dashboard với bộ lọc và outcome view 1 ngày • AM • sau M5.1 | J59: Not Started | BP59: •
D60: M5.3 | E60: Drill-down có cohort, diversity và benchmark | F60: 46379 | G60: 46379 | H60: Trần Đình Khương | I60: Investigation API/UI; evidence pack; review retrieval report; tổng 80 golden queries 1 ngày • AM • sau M5.2 | J60: Not Started | BQ60: •
D61: M5.4 | E61: Kiểm nghiệm dashboard và cảnh báo | F61: 46380 | G61: 46380 | H61: Trần Đình Khương | I61: Analytics/drill-down test report; anomaly evaluation 0.5 ngày • AM • sau M5.3 | J61: Not Started | BR61: •
D62: M5.G | E62: G5 — Review, nghiệm thu và báo cáo giai đoạn | F62: 46380 | G62: 46380 | H62: Trần Đình Khương | I62: docs/reports/milestones/m5-review.md; checklist; demo; manifest phiên bản 0.5 ngày • PM • sau M5.4 | J62: Not Started | BR62: ◆
D63: M5.B | E63: Dự phòng sửa lỗi, tích hợp hoặc nghỉ theo lịch thực tế | F63: 46381 | G63: 46381 | H63: Trần Đình Khương | I63: Gate được kiểm tra lại; nhật ký sử dụng dự phòng và lịch cập nhật Reserve | J63: Contingency | BS63: •
B64: M6 | E64: GraphRAG và quản trị tri thức | F64: 46384 | G64: 46395 | H64: Trần Đình Khương | I64: Ontology v1 + Neo4j + graph traversal; analyst/steward UI; knowledge publish/rollback; chatbot có evidence graph. | J64: =IF(COUNTIF(J65:J74,"Done")=10,"Done",IF(COUNTIF(J65:J74,"Blocked")>0,"Blocked",IF(COUNTIF(J65:J74,"Done")+COUNTIF(J65:J74,"In Progress")>0,"In Progress","Not Started"))) | BV64: • | BW64: • | BX64: • | BY64: • | BZ64: • | CC64: • | CD64: • | CE64: • | CF64: • | CG64: •
D65: M6.1 | E65: Thống nhất ontology, IDs và lifecycle | F65: 46384 | G65: 46384 | H65: Trần Đình Khương | I65: Ontology v1 + migration mapping + lifecycle transition rules 1 ngày • AM • sau M5.G | J65: Not Started | BV65: •
D66: M6.2 | E66: Seed và đồng bộ graph có provenance | F66: 46385 | G66: 46385 | H66: Trần Đình Khương | I66: neo4j_ontology_seed.json; graph_sync; graph contracts 1 ngày • AM • sau M6.1 | J66: Not Started | BW66: •
D67: M6.3 | E67: Local GraphRAG và vector→entity→graph | F67: 46386 | G67: 46386 | H67: Trần Đình Khương | I67: Graph retriever + GraphContext contract + query tests 1 ngày • AM • sau M6.2 | J67: Not Started | BX67: •
D68: M6.4 | E68: Nối graph vào resolution và chatbot | F68: 46387 | G68: 46387 | H68: Trần Đình Khương | I68: Resolution v2 có graph citations và verified status 1 ngày • AM • sau M6.3 | J68: Not Started | BY68: •
D69: M6.5 | E69: Analyst investigation và issue lifecycle UI | F69: 46391 | G69: 46391 | H69: Trần Đình Khương | I69: Graph explorer tối giản; analyst annotation + PM issue detail 1 ngày • AM • sau M6.4 | J69: Not Started | CC69: •
D70: M6.6 | E70: Steward review, policy retirement và publish | F70: 46392 | G70: 46392 | H70: Trần Đình Khương | I70: Steward Queue trong apps/web + knowledge versions + approval records 1 ngày • AM • sau M6.5 | J70: Not Started | CD70: •
D71: M6.7 | E71: Staleness, version propagation và rollback | F71: 46393 | G71: 46393 | H71: Trần Đình Khương | I71: Knowledge publication pipeline; version rollback drill 1 ngày • AM • sau M6.6 | J71: Not Started | CE71: •
D72: M6.8 | E72: Nghiệm thu vòng analyst→knowledge→chatbot | F72: 46394 | G72: 46394 | H72: Trần Đình Khương | I72: Graph E2E recording; graph/resolution eval v2; source-linked reports 1 ngày • AM • sau M6.7 | J72: Not Started | CF72: •
D73: M6.9 | E73: Đánh giá và ghi quyết định GraphRAG nâng cao | F73: 46395 | G73: 46395 | H73: Trần Đình Khương | I73: Extension ADR; roadmap sau tuần 14; scope ledger 0.5 ngày • AM • sau M6.8 | J73: Not Started | CG73: •
D74: M6.G | E74: G6 — Review, nghiệm thu và báo cáo giai đoạn | F74: 46395 | G74: 46395 | H74: Trần Đình Khương | I74: docs/reports/milestones/m6-review.md; checklist; demo; manifest phiên bản 0.5 ngày • PM • sau M6.9 | J74: Not Started | CG74: ◆
D75: M6.B | E75: Nghỉ dự kiến 01/01/2027 (trích quỹ dự phòng) | F75: 46388 | G75: 46388 | H75: Trần Đình Khương | I75: Gate được kiểm tra lại; nhật ký sử dụng dự phòng và lịch cập nhật Reserve | J75: Contingency | BZ75: N
B76: M7 | E76: Closed-loop feedback và cải thiện mô hình | F76: 46398 | G76: 46402 | H76: Trần Đình Khương | I76: Versioned annotation datasets; active-learning queue; một retraining/eval cycle; drift monitors và publish decision. | J76: =IF(COUNTIF(J77:J82,"Done")=6,"Done",IF(COUNTIF(J77:J82,"Blocked")>0,"Blocked",IF(COUNTIF(J77:J82,"Done")+COUNTIF(J77:J82,"In Progress")>0,"In Progress","Not Started"))) | CJ76: • | CK76: • | CL76: • | CM76: • | CN76: •
D77: M7.1 | E77: Chuẩn hóa toàn bộ feedback và export | F77: 46398 | G77: 46398 | H77: Trần Đình Khương | I77: Annotation store; approved training/eval exports; judgments dataset 1 ngày • AM • sau M6.G | J77: Not Started | CJ77: •
D78: M7.2 | E78: Một vòng active learning và model promotion | F78: 46399 | G78: 46399 | H78: Trần Đình Khương | I78: Active-learning report; candidate model; promotion/rollback manifest 1 ngày • AM • sau M7.1 | J78: Not Started | CK78: •
D79: M7.3 | E79: Drift, quality và feedback monitoring | F79: 46400 | G79: 46400 | H79: Trần Đình Khương | I79: Quality/drift dashboard và alert config 0.5 ngày • AM • sau M7.2 | J79: Not Started | CL79: •
D80: M7.4 | E80: Retention, correction và deletion propagation | F80: 46400 | G80: 46400 | H80: Trần Đình Khương | I80: Deletion/correction workflow + lineage test 0.5 ngày • PM • sau M7.3 | J80: Not Started | CL80: •
D81: M7.5 | E81: Regression learning loop và outcome efficacy | F81: 46401 | G81: 46401 | H81: Trần Đình Khương | I81: Closed-loop E2E report; outcome linkage checks 0.5 ngày • AM • sau M7.4 | J81: Not Started | CM81: •
D82: M7.G | E82: G7 — Review, nghiệm thu và báo cáo giai đoạn | F82: 46401 | G82: 46401 | H82: Trần Đình Khương | I82: docs/reports/milestones/m7-review.md; checklist; demo; manifest phiên bản 0.5 ngày • PM • sau M7.5 | J82: Not Started | CM82: ◆
D83: M7.B | E83: Dự phòng sửa lỗi, tích hợp hoặc nghỉ theo lịch thực tế | F83: 46402 | G83: 46402 | H83: Trần Đình Khương | I83: Gate được kiểm tra lại; nhật ký sử dụng dự phòng và lịch cập nhật Reserve | J83: Contingency | CN83: •
B84: M8 | E84: Tích hợp, vận hành và bàn giao | F84: 46405 | G84: 46416 | H84: Trần Đình Khương | I84: Release bundle, 5 UAT demos, eval suite, deploy/IaC package, runbooks, rollback evidence và coverage ledger. | J84: =IF(COUNTIF(J85:J93,"Done")=9,"Done",IF(COUNTIF(J85:J93,"Blocked")>0,"Blocked",IF(COUNTIF(J85:J93,"Done")+COUNTIF(J85:J93,"In Progress")>0,"In Progress","Not Started"))) | CQ84: • | CR84: • | CS84: • | CT84: • | CU84: • | CX84: • | CY84: • | CZ84: • | DA84: • | DB84: •
D85: M8.1 | E85: CI, AI gates và artifact release bất biến | F85: 46405 | G85: 46405 | H85: Trần Đình Khương | I85: Release workflow + run-manifest + reproducibility scripts 1 ngày • AM • sau M7.G | J85: Not Started | CQ85: •
D86: M8.2 | E86: Hạ tầng và phân quyền deployment mục tiêu | F86: 46406 | G86: 46406 | H86: Trần Đình Khương | I86: IaC/chart package; IAM matrix; rendered manifests; cloud cost/prerequisite record 1 ngày • AM • sau M8.1 | J86: Not Started | CR86: •
D87: M8.3 | E87: Deploy demo và health/observability thật | F87: 46407 | G87: 46407 | H87: Trần Đình Khương | I87: Runnable environment; deploy smoke evidence; production-target status 1 ngày • AM • sau M8.2 | J87: Not Started | CS87: •
D88: M8.4 | E88: Load, failure, latency và sizing | F88: 46408 | G88: 46408 | H88: Trần Đình Khương | I88: Load/failure report + measured resource envelope + tuned config 1 ngày • AM • sau M8.3 | J88: Not Started | CT88: •
D89: M8.5 | E89: Privacy/access, backup và rollback drill | F89: 46409 | G89: 46409 | H89: Trần Đình Khương | I89: Security regression; restore/rollback timings; runbooks 1 ngày • AM • sau M8.4 | J89: Not Started | CU89: •
D90: M8.6 | E90: UAT 5 vai trò và full regression | F90: 46412 | G90: 46412 | H90: Trần Đình Khương | I90: UAT matrix; recordings; final evaluation tables; coverage status 1 ngày • AM • sau M8.5 | J90: Not Started | CX90: •
D91: M8.7 | E91: Business KPI đối chiếu baseline | F91: 46413 | G91: 46413 | H91: Trần Đình Khương | I91: Business KPI report; measurement limitations; post-demo pilot plan 0.5 ngày • AM • sau M8.6 | J91: Not Started | CY91: •
D92: M8.8 | E92: Tài liệu bàn giao và bộ demo tái lập | F92: 46413 | G92: 46414 | H92: Trần Đình Khương | I92: Final report; release archive; handover checklist; demo guide 1 ngày • PM • sau M8.7 | J92: Not Started | CY92: • | CZ92: •
D93: M8.G | E93: G8 — Review, nghiệm thu và báo cáo giai đoạn | F93: 46414 | G93: 46414 | H93: Trần Đình Khương | I93: docs/reports/milestones/m8-review.md; checklist; demo; manifest phiên bản 0.5 ngày • PM • sau M8.8 | J93: Not Started | CZ93: ◆
D94: M8.B | E94: Dự phòng sửa lỗi, tích hợp hoặc nghỉ theo lịch thực tế | F94: 46415 | G94: 46416 | H94: Trần Đình Khương | I94: Gate được kiểm tra lại; nhật ký sử dụng dự phòng và lịch cập nhật Reserve | J94: Contingency | DA94: • | DB94: •

Sheet Task Details
A1: TASK DETAILS | kế hoạch thực hiện và tiêu chí hoàn thành
A2: Input/Output là contract/deliverable dự kiến. Evidence hiện chưa có; chỉ cập nhật Done khi đạt gate và lưu bằng chứng. Effort 0,5 ngày = 4 giờ theo giả định.
A3: ← Cover Page
A4: Task ID | B4: Milestone | C4: Công việc | D4: Bắt đầu | E4: Kết thúc | F4: Buổi đầu | G4: Ngày công | H4: Người thực hiện | I4: Vai trò đang đảm nhiệm | J4: Input | K4: Các bước thực hiện | L4: Output / artifact | M4: Modules | N4: Công nghệ | O4: Dependency | P4: I/O contract | Q4: Definition of Done | R4: Nguồn yêu cầu | S4: Scope/type | T4: Task Status (từ WBS) | U4: Evidence thực tế
A5: M0.1 | B5: M0 | C5: Audit repo và lập danh mục yêu cầu | D5: 46321 | E5: 46321 | F5: AM | G5: 0.5 | H5: Trần Đình Khương | I5: BA / kiến trúc | J5: Toàn bộ tài liệu hiện hữu và commit 9083135 | K5: Phân biệt mock với chức năng thật; kiểm kê crawler, schemas, CI, API; lập ma trận yêu cầu và ghi các doc tham chiếu bị thiếu. | L5: Baseline inventory; Source Register; traceability IDs; danh sách mâu thuẫn | M5: MOD-12 | N5: Git; Markdown; Python | O5: START | Q5: Không dùng số trả cứng trong API làm baseline; mỗi yêu cầu có nguồn và giai đoạn. | R5: SRC-01..SRC-10; SRC-16 | S5: Core | T5: ='WBS'!J12 | U5: Chưa có — điền đường dẫn báo cáo/commit/demo sau khi thực hiện
A6: M0.2 | B6: M0 | C6: Thiết kế UX chatbot, phạm vi và luồng hội thoại | D6: 46321 | E6: 46322 | F6: PM | G6: 1 | H6: Trần Đình Khương | I6: Product / UX | J6: US-BUY-01, US-AGENT-01, chính sách mẫu | K6: Thiết kế một apps/web với bốn khu vực Buyer Chat, Agent Copilot, Analyst BI & GraphRAG, Steward Queue cho năm personas; dùng chung layout, session, API client và citation viewer. Vẽ chat, history, lỗi, chuyển CSKH và thông tin thiếu; tách policy Q&A khỏi quyết định theo đơn hàng; route ẩn không thay kiểm quyền API. | L6: Wireframe + conversation flow + scope MVP chatbot tuần 4 | M6: MOD-01, MOD-03 | N6: React/TypeScript; design document | O6: M0.1 | P6: IO-01, IO-02 | Q6: MVP trả lời có nguồn và nhớ ngữ cảnh; eligibility cá nhân thuộc M3, root cause xác nhận thuộc M6. | R6: SRC-02 §3,5,7.9; SRC-03; SRC-04 | S6: Core | T6: ='WBS'!J13 | U6: Chưa có — điền đường dẫn báo cáo/commit/demo sau khi thực hiện
A7: M0.3 | B7: M0 | C7: Khóa contract, dữ liệu, công nghệ và API | D7: 46322 | E7: 46323 | F7: PM | G7: 1 | H7: Trần Đình Khương | I7: Backend / kiến trúc | J7: M0.1–M0.2; schemas hiện tại; Decisions | K7: Chọn LLM/embedding qua smoke tiếng Việt, ngân sách và khả năng truy cập; giữ API /api/v1; khóa ChatMessageRequest/Response (product_ref/order_ref optional), Citation phân loại nguồn và ABSA prediction có version ở cấp kết quả; chốt namespace, ID, policy version, memory, timeout. Ghi ADR DEC-15/16/17 cho PostgreSQL stack, apps/web và lựa chọn FSM/LangGraph; không làm hai orchestrator. Ghi source-of-truth theo SRC-02 §8.2: CRM/live orders, approved Policy Registry, versioned graph và prediction tables; Redis/Qdrant là cache/index. Khóa profile demo và architecture-target riêng (DEC-18), thời điểm đo latency và effort còn thiếu tại G0. | L7: ADR + schema/chat examples; OpenAPI dự kiến; bảng module; capability/provider matrix | M7: MOD-01, MOD-02, MOD-03, MOD-04, MOD-12 | N7: Python 3.11/3.12; Poetry lock; FastAPI; Pydantic; PostgreSQL; Redis; Qdrant | O7: M0.2 | P7: IO-01..IO-05; IO-08; IO-10 | Q7: Có chính sách session ownership, context limit, không đưa raw PII ra LLM; cloud/GPU thiếu phải ghi tác động. | R7: SRC-02 §5,8,9; SRC-06; SRC-07; SRC-16 | S7: Core | T7: ='WBS'!J14 | U7: Chưa có — điền đường dẫn báo cáo/commit/demo sau khi thực hiện
A8: M0.4 | B8: M0 | C8: Thiết lập nền phát triển và thiết kế nghiệm thu | D8: 46323 | E8: 46324 | F8: PM | G8: 1 | H8: Trần Đình Khương | I8: Full-stack / QA | J8: ADR, wireframe, 5 stories và fixture nhỏ | K8: Tạo shell apps/web dùng chung và conversation API; khai báo/lock SQLAlchemy 2.x, psycopg[binary] 3.x, Alembic cho Python 3.11/3.12; tạo migration/schema ban đầu và transaction boundary; cấu hình môi trường, test scaffold, rubric eval, business baseline; chuẩn bị login/session boundary. | L8: Khung ứng dụng có smoke; test plan và rubric; baseline measurement protocol | M8: MOD-01, MOD-03, MOD-12 | N8: FastAPI; PostgreSQL migrations; React/TypeScript; pytest; Docker Compose; GitHub Actions | O8: M0.3 | P8: IO-01, IO-15 | Q8: Health thật phản ánh dependency; cấu hình không chứa secret; cài từ lockfile và kết nối PostgreSQL thật; migration từ DB rỗng và upgrade từ revision trước pass trên DB thử nghiệm, rollback/restore được mô tả; có kế hoạch 5 kịch bản E2E và negative paths; contract test cho policy Q&A không có product và citation sai nguồn/version. | R8: SRC-02 §15–17,21; SRC-04; SRC-16 | S8: Core | T8: ='WBS'!J15 | U8: Chưa có — điền đường dẫn báo cáo/commit/demo sau khi thực hiện
A9: M0.G | B9: M0 | C9: G0 — Review, nghiệm thu và báo cáo giai đoạn | D9: 46324 | E9: 46324 | F9: PM | G9: 0.5 | H9: Trần Đình Khương | I9: QA / quản lý dự án | J9: Các đầu ra và test/eval của M0 | K9: Chạy lại kịch bản nghiệm thu; đối chiếu yêu cầu; ghi PASS/FAIL/BLOCKED, số đo thực và kế hoạch sửa. Tự kiểm tra theo checklist; stakeholder xác nhận nếu có. | L9: docs/reports/milestones/m0-review.md; checklist; demo; manifest phiên bản | M9: MOD-12 | N9: pytest; eval reports; Git | O9: M0.4 | Q9: G0: khóa I/O, ADR, profile demo/architecture-target và ngưỡng eval; rà lại effort M0.4/M3.4/M4.5/M6.7/M8.2 theo smoke thực. Lịch 14 tuần là baseline, chưa chứng minh feasibility; thiếu resource/effort phải ghi blocker hoặc rebaseline. | R9: SRC-02 §21; SRC-03; SRC-04 | S9: Gate | T9: ='WBS'!J16 | U9: Chưa có — điền đường dẫn báo cáo/commit/demo sau khi thực hiện
A10: M0.B | B10: M0 | C10: Dự phòng sửa lỗi, tích hợp hoặc nghỉ theo lịch thực tế | D10: 46325 | E10: 46325 | F10: AM | G10: 1 | H10: Trần Đình Khương | I10: Dự phòng | J10: Blocker/failed gate hoặc ngày nghỉ đã xác nhận | K10: Ưu tiên sửa gate của giai đoạn; nếu chưa dùng thì giữ quỹ dự phòng. Không tự bổ sung tính năng. | L10: Gate được kiểm tra lại; nhật ký sử dụng dự phòng và lịch cập nhật | M10: MOD-12 | N10: Issue log; regression tests | O10: RESERVE — không phải quan hệ finish-to-start | Q10: Không vượt ngày kết thúc giai đoạn; nếu vượt phải rebaseline, không đánh dấu Done khi gate fail. | R10: DEC-01; DEC-02 | S10: Buffer | T10: ='WBS'!J17 | U10: Chưa có — điền đường dẫn báo cáo/commit/demo sau khi thực hiện
A11: M1.1 | B11: M1 | C11: Kiểm kê và tiếp nhận snapshot crawler | D11: 46328 | E11: 46328 | F11: AM | G11: 0.5 | H11: Trần Đình Khương | I11: Data engineering | J11: Các snapshot và báo cáo crawl đã có | K11: Đọc export qua adapter/file manifest; xác minh 52/56 là số ghi nhận lịch sử; chọn subset policy; kiểm tra lỗi/redirect/quyền sử dụng; giữ crawler độc lập. | L11: source_inventory.csv; raw manifest có URL, hash, crawl time, status | M11: MOD-02 | N11: Python; JSON; SHA-256 | O11: M0.G | P11: IO-03 | Q11: Không coi crawl thành công là đủ nội dung; không crawl lại toàn bộ nếu snapshot dùng được. | R11: SRC-10; SRC-11; SRC-12; SRC-13 | S11: Core | T11: ='WBS'!J19 | U11: Chưa có — điền đường dẫn báo cáo/commit/demo sau khi thực hiện
A12: M1.2 | B12: M1 | C12: Làm sạch, chia đoạn và gắn provenance | D12: 46328 | E12: 46329 | F12: PM | G12: 1 | H12: Trần Đình Khương | I12: Data engineering | J12: Raw HTML/text + inventory | K12: Bỏ navigation/footer; giữ heading, bảng, điều kiện/ngoại lệ; dedup; chunk theo điều khoản; xử lý missing/empty; lưu raw offset và hash ổn định. | L12: policies_clean.jsonl; policy_chunks.jsonl; cleaning QA report | M12: MOD-02 | N12: Python HTML parser; Pydantic; JSONL | O12: M1.1 | P12: IO-03, IO-04 | Q12: Mỗi đoạn resolve được nguồn; kiểm tra thủ công toàn bộ ~30 điều khoản demo; chạy lại không nhân đôi. | R12: SRC-06 §4–5,8; SRC-10 | S12: Core | T12: ='WBS'!J20 | U12: Chưa có — điền đường dẫn báo cáo/commit/demo sau khi thực hiện
A13: M1.3 | B13: M1 | C13: Policy catalog, trạng thái duyệt và PII boundary | D13: 46329 | E13: 46330 | F13: PM | G13: 1 | H13: Trần Đình Khương | I13: Backend / Data | J13: Policy chunks; draft registry; synthetic PII | K13: Lưu version/effective dates/scope/status; ngày không biết giữ unknown để duyệt; che PII text/logs; chỉ đưa policy approved vào index; tách dữ liệu đơn hàng. | L13: Registry migrations; policy versions; masking service; fixture assertions | M13: MOD-02, MOD-06, MOD-12 | N13: PostgreSQL; Pydantic; regex + NER; pytest | O13: M1.2 | P13: IO-04, IO-07 | Q13: Draft/expired/unknown-effectivity không dùng để kết luận quyền lợi; không raw PII trong index/prompt/log fixtures. | R13: SRC-02 §7.2,7.8,14; SRC-06 §2,5 | S13: Core | T13: ='WBS'!J21 | U13: Chưa có — điền đường dẫn báo cáo/commit/demo sau khi thực hiện
A14: M1.4 | B14: M1 | C14: Tạo bộ đánh giá chatbot và privacy ban đầu | D14: 46330 | E14: 46331 | F14: PM | G14: 1 | H14: Trần Đình Khương | I14: QA / Data | J14: ~30 clauses đã duyệt; rubric M0.4 | K14: Soạn 40 policy questions có relevance labels và expected sources; tách tuning/held-out theo intent/document; 20 hội thoại nhiều lượt; sinh 500 PII fixtures rồi kiểm mẫu thủ công; thêm expired/conflict/no-evidence/injection. | L14: golden_policy_queries.jsonl; chat_eval.jsonl; pii_eval.jsonl + manifests | M14: MOD-02, MOD-12 | N14: JSONL; Python; pytest; annotation rubric | O14: M1.3 | P14: IO-14 | Q14: Có no-answer và follow-up; test set không dùng tune prompt; synthetic PII được ghi đúng nguồn và giới hạn. | R14: SRC-06 §2,4,6; SRC-07 §ABSA/Retrieval eval | S14: Core | T14: ='WBS'!J22 | U14: Chưa có — điền đường dẫn báo cáo/commit/demo sau khi thực hiện
A15: M1.G | B15: M1 | C15: G1 — Review, nghiệm thu và báo cáo giai đoạn | D15: 46331 | E15: 46331 | F15: PM | G15: 0.5 | H15: Trần Đình Khương | I15: QA / quản lý dự án | J15: Các đầu ra và test/eval của M1 | K15: Chạy lại kịch bản nghiệm thu; đối chiếu yêu cầu; ghi PASS/FAIL/BLOCKED, số đo thực và kế hoạch sửa. Tự kiểm tra theo checklist; stakeholder xác nhận nếu có. | L15: docs/reports/milestones/m1-review.md; checklist; demo; manifest phiên bản | M15: MOD-12 | N15: pytest; eval reports; Git | O15: M1.4 | Q15: G1: 5–10 policies/~30 clauses đã duyệt, truy nguồn đầy đủ; 40 queries + 20 hội thoại; privacy fixtures; ingestion idempotent. | R15: SRC-06; SRC-10; SRC-04 | S15: Gate | T15: ='WBS'!J23 | U15: Chưa có — điền đường dẫn báo cáo/commit/demo sau khi thực hiện
A16: M1.B | B16: M1 | C16: Dự phòng sửa lỗi, tích hợp hoặc nghỉ theo lịch thực tế | D16: 46332 | E16: 46332 | F16: AM | G16: 1 | H16: Trần Đình Khương | I16: Dự phòng | J16: Blocker/failed gate hoặc ngày nghỉ đã xác nhận | K16: Ưu tiên sửa gate của giai đoạn; nếu chưa dùng thì giữ quỹ dự phòng. Không tự bổ sung tính năng. | L16: Gate được kiểm tra lại; nhật ký sử dụng dự phòng và lịch cập nhật | M16: MOD-12 | N16: Issue log; regression tests | O16: RESERVE — không phải quan hệ finish-to-start | Q16: Không vượt ngày kết thúc giai đoạn; nếu vượt phải rebaseline, không đánh dấu Done khi gate fail. | R16: DEC-01; DEC-02 | S16: Buffer | T16: ='WBS'!J24 | U16: Chưa có — điền đường dẫn báo cáo/commit/demo sau khi thực hiện
A17: M2.1 | B17: M2 | C17: Lập chỉ mục và retrieval có bộ lọc | D17: 46335 | E17: 46336 | F17: AM | G17: 1.5 | H17: Trần Đình Khương | I17: Backend / ML | J17: Policy chunks và index contract | K17: Tạo namespace policies, dense + BM25 baseline, metadata indexes; enforce approved/effective/tenant filters; build snapshot và readiness; citations trả clause ID + URL. | L17: Index build pipeline; retrieval service; source resolver; index manifest | M17: MOD-04 | N17: Qdrant; sentence-transformers; BM25; Python | O17: M1.G | P17: IO-04, IO-05 | Q17: Count/hash đối chiếu; empty/index unavailable có trạng thái rõ; nguồn thật, bộ lọc đúng trên fixtures. | R17: SRC-02 §7.5; SRC-06 §4; SRC-07 Retrieval | S17: Core | T17: ='WBS'!J26 | U17: Chưa có — điền đường dẫn báo cáo/commit/demo sau khi thực hiện
A18: M2.2 | B18: M2 | C18: Benchmark BM25, dense và hybrid RRF | D18: 46336 | E18: 46337 | F18: PM | G18: 1 | H18: Trần Đình Khương | I18: ML / QA | J18: Policy query tuning + held-out; index snapshots | K18: Đánh giá riêng ba mode cùng corpus/query; tune chỉ trên dev; đo Recall@5/@10, MRR, nDCG, p95, memory và cost; chốt mode theo kết quả. | L18: retrieval_policy_baseline.json + report + selected config | M18: MOD-04 | N18: rank-bm25; Qdrant; RRF; Python eval | O18: M2.1 | P18: IO-14 | Q18: Không mặc định hybrid thắng; giữ per-query outputs và manifest; số liệu chưa đạt phải ghi FAIL. | R18: SRC-02 §13.2; SRC-07 Retrieval; WEB-02 | S18: Core | T18: ='WBS'!J27 | U18: Chưa có — điền đường dẫn báo cáo/commit/demo sau khi thực hiện
A19: M2.3 | B19: M2 | C19: Đánh giá reranker trên tập nhỏ | D19: 46337 | E19: 46337 | F19: PM | G19: 0.5 | H19: Trần Đình Khương | I19: ML | J19: Candidates và benchmark M2.2 | K19: Thử BGE cross-encoder Top-50 → Top-5/10; so chất lượng/latency theo rubric đã khóa; giữ feature flag nếu chưa có gain. | L19: Reranker adapter; enable/disable ADR và giới hạn tài nguyên | M19: MOD-04 | N19: BGE cross-encoder candidate; sentence-transformers | O19: M2.2 | P19: IO-05 | Q19: Chỉ bật runtime nếu held-out gain và latency budget đạt; score không được gọi là xác suất đúng. | R19: SRC-02 §7.5; SRC-07 RET-AC-08 | S19: Core | T19: ='WBS'!J28 | U19: Chưa có — điền đường dẫn báo cáo/commit/demo sau khi thực hiện
A20: M2.4 | B20: M2 | C20: Sinh câu trả lời có nguồn và kiểm soát đầu ra | D20: 46338 | E20: 46338 | F20: AM | G20: 1 | H20: Trần Đình Khương | I20: Backend / LLM | J20: EvidencePack; model config; chat eval | K20: Viết client có timeout/retry hữu hạn; prompt tiếng Việt theo evidence; schema output; kiểm citation tồn tại/đúng clause và claims; abstain hoặc hỏi thêm; ghi prompt/model version. Tách claim verification, schema validation, policy compliance và output PII filter; kiểm đủ từng bước, không coi JSON hợp lệ là grounded. | L20: LLM service + guardrails + Answer contract | M20: MOD-03 | N20: LLM API cấu hình; HTTP client; Pydantic; pytest | O20: M2.3 | P20: IO-02, IO-05 | Q20: Không bịa policy/refund; không có nguồn thì không khẳng định; schema invalid không trả nội dung chưa kiểm. | R20: SRC-02 §7.9; SRC-04; SRC-06 §6 | S20: Core | T20: ='WBS'!J29 | U20: Chưa có — điền đường dẫn báo cáo/commit/demo sau khi thực hiện
A21: M2.5 | B21: M2 | C21: API chat, phiên và bộ nhớ nhiều lượt | D21: 46339 | E21: 46342 | F21: AM | G21: 1.5 | H21: Trần Đình Khương | I21: Backend | J21: ChatRequest/Response, generation service, PostgreSQL | K21: POST /api/v1/chat/messages; lưu message/request_id/idempotency; ownership; sliding context và summary; rewrite follow-up từ lịch sử; hủy/timeout; chỉ truy lịch sử được phép. Đặt Redis sliding-window rate limit trước gọi retrieval/LLM, quota token/request, input size và timeout; Redis unavailable trả lỗi có kiểm soát. M2 route bằng intent/rules policy_query/out_of_scope; classifier đầy đủ bổ sung ở M4. | L21: Conversation service; migrations; session/history endpoints; auth integration | M21: MOD-01 | N21: FastAPI; PostgreSQL; Redis cache; Pydantic | O21: M2.4 | P21: IO-01, IO-02 | Q21: Hai phiên không lẫn dữ liệu; retry không nhân đôi message; follow-up giữ policy context; không bắt nhập product cho câu hỏi chung. Test 429/Retry-After, quota và Redis failure trước gọi LLM; request bị từ chối không tiêu token. | R21: SRC-02 §5.4,7.9; SRC-16 | S21: Core | T21: ='WBS'!J30 | U21: Chưa có — điền đường dẫn báo cáo/commit/demo sau khi thực hiện
A22: M2.6 | B22: M2 | C22: Giao diện chatbot và nguồn tham khảo | D22: 46342 | E22: 46343 | F22: PM | G22: 1.5 | H22: Trần Đình Khương | I22: Frontend | J22: Wireframe; chat/history API | K22: Tạo màn chat, lịch sử, nguồn clickable, error/retry, loading, clarification và nút chuyển hỗ trợ; nối API thật; kiểm desktop/mobile và accessibility cơ bản. | L22: Buyer Chat trong apps/web chạy với backend thật; UI smoke scripts | M22: MOD-01 | N22: React; TypeScript; CSS; browser tests | O22: M2.5 | P22: IO-01, IO-02 | Q22: Cả happy path và thiếu bằng chứng hoạt động; trạng thái chờ không tạo nội dung giả; nguồn mở đúng clause/doc. | R22: SRC-03 US-BUY-01; SRC-02 §3.1; WEB-04 | S22: Core | T22: ='WBS'!J31 | U22: Chưa có — điền đường dẫn báo cáo/commit/demo sau khi thực hiện
A23: M2.7 | B23: M2 | C23: Telemetry, đóng gói demo và xử lý dependency fail | D23: 46344 | E23: 46344 | F23: AM | G23: 0.5 | H23: Trần Đình Khương | I23: Platform | J23: Chat app + retrieval + generation | K23: Trace request→retrieval→LLM; đếm token/cost/latency; log đã redacted; Compose startup và readiness thật; thử Qdrant/LLM timeout. | L23: Compose demo; logs/traces; run instructions | M23: MOD-12 | N23: Docker Compose; OpenTelemetry; structured logging | O23: M2.6 | P23: IO-15 | Q23: Có source/model/index/prompt version; không success giả khi dependency hỏng. | R23: SRC-02 §15–16; SRC-07 NFR | S23: Core | T23: ='WBS'!J32 | U23: Chưa có — điền đường dẫn báo cáo/commit/demo sau khi thực hiện
A24: M2.8 | B24: M2 | C24: Đánh giá chatbot end-to-end và sửa lỗi | D24: 46344 | E24: 46345 | F24: PM | G24: 1 | H24: Trần Đình Khương | I24: QA | J24: 40 policy queries; 20 dialogues; privacy/attack cases | K24: Chạy suite frozen; review answer/citation; kiểm response ownership, injection, expired policy, no-answer và request duplicate; ghi latency thực và hạn chế. | L24: chatbot_mvp_eval report; demo recording; regression suite | M24: MOD-01, MOD-03, MOD-04, MOD-12 | N24: pytest; browser tests; human rubric | O24: M2.7 | P24: IO-14 | Q24: MVP: ≥90% policy QA rubric pass (đề xuất); citation completeness ≥95%; 0 unsupported promises/PII leaks trên suite; full response <60s trên kịch bản chuẩn. | R24: SRC-04; SRC-02 §9,13; SRC-06 §6 | S24: Core | T24: ='WBS'!J33 | U24: Chưa có — điền đường dẫn báo cáo/commit/demo sau khi thực hiện
A25: M2.G | B25: M2 | C25: G2 — Review, nghiệm thu và báo cáo giai đoạn | D25: 46345 | E25: 46345 | F25: PM | G25: 0.5 | H25: Trần Đình Khương | I25: QA / quản lý dự án | J25: Các đầu ra và test/eval của M2 | K25: Chạy lại kịch bản nghiệm thu; đối chiếu yêu cầu; ghi PASS/FAIL/BLOCKED, số đo thực và kế hoạch sửa. Tự kiểm tra theo checklist; stakeholder xác nhận nếu có. | L25: docs/reports/milestones/m2-review.md; checklist; demo; manifest phiên bản | M25: MOD-12 | N25: pytest; eval reports; Git | O25: M2.8 | Q25: G2: chatbot UI→API→retrieval→LLM→citations chạy thật; multi-turn/fallback/privacy, claim/schema/policy/output filter và rate-limit/quota pass; benchmark retrieval/generation riêng. Chưa có ABSA/GraphRAG không được gọi hoàn thành full Buyer story. | R25: SRC-03 US-BUY-01; SRC-04; SRC-02 §21 | S25: Gate | T25: ='WBS'!J34 | U25: Chưa có — điền đường dẫn báo cáo/commit/demo sau khi thực hiện
A26: M2.B | B26: M2 | C26: Dự phòng sửa lỗi, tích hợp hoặc nghỉ theo lịch thực tế | D26: 46346 | E26: 46346 | F26: AM | G26: 1 | H26: Trần Đình Khương | I26: Dự phòng | J26: Blocker/failed gate hoặc ngày nghỉ đã xác nhận | K26: Ưu tiên sửa gate của giai đoạn; nếu chưa dùng thì giữ quỹ dự phòng. Không tự bổ sung tính năng. | L26: Gate được kiểm tra lại; nhật ký sử dụng dự phòng và lịch cập nhật | M26: MOD-12 | N26: Issue log; regression tests | O26: RESERVE — không phải quan hệ finish-to-start | Q26: Không vượt ngày kết thúc giai đoạn; nếu vượt phải rebaseline, không đánh dấu Done khi gate fail. | R26: DEC-01; DEC-02 | S26: Buffer | T26: ='WBS'!J35 | U26: Chưa có — điền đường dẫn báo cáo/commit/demo sau khi thực hiện
A27: M3.1 | B27: M3 | C27: Mô hình đơn hàng, ticket, action và outcome | D27: 46349 | E27: 46349 | F27: AM | G27: 1 | H27: Trần Đình Khương | I27: Backend / Data | J27: Seed specs + contracts M0 | K27: Migration customer/order/product/version/ticket/action/outcome; seed 5–10 sản phẩm, ~15 phiên bản, 200 orders; mọi dữ liệu demo có synthetic flag; thiết kế idempotency và timestamps. | L27: Relational seed + schema + ticket lifecycle endpoints | M27: MOD-05, MOD-06 | N27: PostgreSQL; Pydantic; migrations | O27: M2.G | P27: IO-06, IO-09 | Q27: Bridge keys nhất quán; FK hợp lệ; không giả lập 200 khách thật; lịch sử ticket không overwrite. | R27: SRC-02 §8; SRC-06 §5,8 | S27: Core | T27: ='WBS'!J37 | U27: Chưa có — điền đường dẫn báo cáo/commit/demo sau khi thực hiện
A28: M3.2 | B28: M3 | C28: Tra cứu đơn hàng có xác thực và kiểm soát truy cập | D28: 46350 | E28: 46350 | F28: AM | G28: 1 | H28: Trần Đình Khương | I28: Backend | J28: Orders + auth/session | K28: Implement query_customer_order và context adapter; kiểm order ownership trước đọc; chỉ expose trường cần; tìm region/service center; hỏi lại khi thiếu hoặc không khớp. Recall chỉ lấy ticket/order history được phép của đúng customer; working context/message buffer có giới hạn; playbook/rules có version là procedural memory, không coi lời hứa cũ trong ticket là policy hiện hành. | L28: Customer context service + tool schemas + seed CRM adapter | M28: MOD-05 | N28: FastAPI; PostgreSQL; typed tools; RBAC | O28: M3.1 | P28: IO-06 | Q28: Cross-customer access bị chặn; trạng thái unknown tách ineligible; raw PII không vào prompt/index/log. | R28: SRC-02 §3.1,7.2,14; SRC-06 §5 | S28: Core | T28: ='WBS'!J38 | U28: Chưa có — điền đường dẫn báo cáo/commit/demo sau khi thực hiện
A29: M3.3 | B29: M3 | C29: Policy engine xác định quyền lợi bằng rule | D29: 46351 | E29: 46351 | F29: AM | G29: 1 | H29: Trần Đình Khương | I29: Backend | J29: Approved policy rules; order context | K29: Match product/date/scope/version; evaluate eligibility; trả missing_fields, allowed/prohibited_actions; xử lý policy conflict/stale; trường hợp tiền/ngoại lệ cần người duyệt. | L29: PolicyDecision service; rule tests; evidence-linked decision log | M29: MOD-06 | N29: Python decision rules; PostgreSQL; Pydantic | O29: M3.2 | P29: IO-07 | Q29: Không dùng LLM quyết eligibility; ranh ngày mua/expiry đúng; policy ví dụ 365 ngày chỉ dùng synthetic fixture. | R29: SRC-02 §7.8; SRC-06 §5–6 | S29: Core | T29: ='WBS'!J39 | U29: Chưa có — điền đường dẫn báo cáo/commit/demo sau khi thực hiện
A30: M3.4 | B30: M3 | C30: FSM resolution, MCP tools và reflection hữu hạn | D30: 46352 | E30: 46353 | F30: AM | G30: 1.5 | H30: Trần Đình Khương | I30: Backend / orchestration | J30: Chat, policy decision, tools, ticket model | K30: Ingested→context→evidence→decision→draft→guarded→pending_review→approved/rejected/escalated; giới hạn 1 lượt bổ sung evidence và timeout; lưu state/version, review ID và audit trong PostgreSQL; approval/resume kiểm quyền, chống duyệt hai lần và stale draft; MCP adapter query order/check warranty/route ticket; Pydantic inputs và allowlist. Dùng một orchestrator theo DEC-17. Planning step tạo plan có kiểu: intent, nguồn evidence cần lấy, tool allowlist, missing fields và stop condition; sau M4 ánh xạ Triaged bằng ABSA thật. Chứng minh MCP bằng client/server local qua một transport được pin, tools/list và tools/call cho ba tool canonical; adapter gọi hàm Python riêng chưa đủ nghiệm thu MCP. | L30: Resolution orchestrator; /api/v1/resolution/draft nối thật; tool integration tests | M30: MOD-01, MOD-03, MOD-05, MOD-06 | N30: Python FSM; MCP SDK/adapter; FastAPI; Pydantic | O30: M3.3 | P30: IO-08 | Q30: Retry hoặc restart tại pending_review không mất draft và không lặp action; test approve/reject/resume, duplicate approval, stale draft, sai quyền và timeout; lỗi/thiếu evidence chuyển đúng hàng đợi; không tự xác nhận root cause; action cần approval không chạy trước duyệt. Checkpoint không thay action idempotency/transaction. Integration test MCP có input/output schema, denied tool, timeout và lỗi transport; lưu trace plan→tools→guardrails. Mapping trạng thái giữ tương ứng lifecycle SRC-05 §6.5. | R30: SRC-02 §7.9; SRC-05 L2,L5,L6 | S30: Core | T30: ='WBS'!J40 | U30: Chưa có — điền đường dẫn báo cáo/commit/demo sau khi thực hiện
A31: M3.5 | B31: M3 | C31: Agent Workspace: context, evidence và review | D31: 46353 | E31: 46356 | F31: PM | G31: 1.5 | H31: Trần Đình Khương | I31: Frontend | J31: Ticket/draft/citation APIs | K31: Ticket list/card: order, warranty, urgency, evidence/policy dates; approve/edit/reject với reason; specialist escalation; ABSA tạm hiển thị pending/manual; hypothesis label rõ. | L31: Agent Copilot trong apps/web + review endpoints; browser flows | M31: MOD-11 | N31: React; TypeScript; FastAPI; PostgreSQL | O31: M3.4 | P31: IO-08, IO-09, IO-13 | Q31: Agent đọc được bằng chứng trước duyệt; chỉnh sửa có tác giả/thời gian; không hiển thị hypothesis thành fact. | R31: SRC-02 §3.2; SRC-14 | S31: Core | T31: ='WBS'!J41 | U31: Chưa có — điền đường dẫn báo cáo/commit/demo sau khi thực hiện
A32: M3.6 | B32: M3 | C32: Lưu phản hồi cuối, outcome và business events | D32: 46357 | E32: 46357 | F32: AM | G32: 1 | H32: Trần Đình Khương | I32: Backend / Analytics | J32: Agent action + customer outcome | K32: Persist final response, sent/resolved/reopened/CSAT events và ticket owner; thu thập timestamps phục vụ FRT/AHT/MTTR/FCR; mapping complaint→ingest event cho ABSA về sau. | L32: Outcome API; audit events; metric dictionary và baseline captures | M32: MOD-06, MOD-09, MOD-11 | N32: PostgreSQL; Pydantic; event log | O32: M3.5 | P32: IO-09, IO-15 | Q32: Một action idempotent chỉ ghi một lần; outcome thiếu hiển thị unknown; log phiên bản policy/model/evidence/human reviewer. | R32: SRC-02 §3.1–3.4,8,13.5; SRC-04 | S32: Core | T32: ='WBS'!J42 | U32: Chưa có — điền đường dẫn báo cáo/commit/demo sau khi thực hiện
A33: M3.7 | B33: M3 | C33: Đánh giá resolution và luồng hỗ trợ | D33: 46358 | E33: 46358 | F33: AM | G33: 1 | H33: Trần Đình Khương | I33: QA | J33: 30 resolution cases giai đoạn đầu; order/privacy fixtures | K33: Test trong hạn/hết hạn/missing order/unconfirmed issue/prompt injection; approve/edit/reject/escalate; đo manual-vs-assisted cùng kịch bản; review chính sách và citation. | L33: Resolution eval v1; UAT agent/buyer; baseline report | M33: MOD-03, MOD-05, MOD-06, MOD-11 | N33: pytest; browser tests; JSONL rubric | O33: M3.6 | P33: IO-14 | Q33: 0 unsupported actions trên suite; 100% policy claim có clause/version; safety issue vào priority queue; chưa tuyên bố AHT giảm 40% từ dữ liệu demo. | R33: SRC-06 §6; SRC-02 BUY-AC/AG-AC; SRC-03 | S33: Core | T33: ='WBS'!J43 | U33: Chưa có — điền đường dẫn báo cáo/commit/demo sau khi thực hiện
A34: M3.8 | B34: M3 | C34: Cô lập công cụ và lỗi thực thi | D34: 46359 | E34: 46359 | F34: AM | G34: 0.5 | H34: Trần Đình Khương | I34: Platform / Security | J34: Tool adapters và action allowlist | K34: Thiết lập process/task timeout, restricted tool inputs, quyền tối thiểu; công cụ mô phỏng external action ghi rõ sandbox; đánh giá nhu cầu microVM như extension. | L34: Task isolation config; timeout/retry audit; microVM decision | M34: MOD-06, MOD-12 | N34: Process/task isolation; Docker; MCP adapter | O34: M3.7 | P34: IO-08 | Q34: Không thực thi shell tự do từ LLM; side effect có token/idempotency và approval; sandbox không bị trình bày như giao dịch thật. | R34: SRC-05 L5; SRC-02 §7.9 | S34: Core | T34: ='WBS'!J44 | U34: Chưa có — điền đường dẫn báo cáo/commit/demo sau khi thực hiện
A35: M3.G | B35: M3 | C35: G3 — Review, nghiệm thu và báo cáo giai đoạn | D35: 46359 | E35: 46359 | F35: PM | G35: 0.5 | H35: Trần Đình Khương | I35: QA / quản lý dự án | J35: Các đầu ra và test/eval của M3 | K35: Chạy lại kịch bản nghiệm thu; đối chiếu yêu cầu; ghi PASS/FAIL/BLOCKED, số đo thực và kế hoạch sửa. Tự kiểm tra theo checklist; stakeholder xác nhận nếu có. | L35: docs/reports/milestones/m3-review.md; checklist; demo; manifest phiên bản | M35: MOD-12 | N35: pytest; eval reports; Git | O35: M3.8 | Q35: G3: order ownership + deterministic policy + agent review/outcome pass; restart/resume/idempotency và ba MCP tools qua protocol có evidence; điều kiện thiếu được hỏi lại; có ticket tới specialist thật trong app. | R35: SRC-02 BUY-AC-02..05; AG-AC-01..05; SRC-04 | S35: Gate | T35: ='WBS'!J45 | U35: Chưa có — điền đường dẫn báo cáo/commit/demo sau khi thực hiện
A36: M3.B | B36: M3 | C36: Dự phòng sửa lỗi, tích hợp hoặc nghỉ theo lịch thực tế | D36: 46360 | E36: 46360 | F36: AM | G36: 1 | H36: Trần Đình Khương | I36: Dự phòng | J36: Blocker/failed gate hoặc ngày nghỉ đã xác nhận | K36: Ưu tiên sửa gate của giai đoạn; nếu chưa dùng thì giữ quỹ dự phòng. Không tự bổ sung tính năng. | L36: Gate được kiểm tra lại; nhật ký sử dụng dự phòng và lịch cập nhật | M36: MOD-12 | N36: Issue log; regression tests | O36: RESERVE — không phải quan hệ finish-to-start | Q36: Không vượt ngày kết thúc giai đoạn; nếu vượt phải rebaseline, không đánh dấu Done khi gate fail. | R36: DEC-01; DEC-02 | S36: Buffer | T36: ='WBS'!J46 | U36: Chưa có — điền đường dẫn báo cáo/commit/demo sau khi thực hiện
A37: M4.1 | B37: M4 | C37: Khóa taxonomy, splits và dataset provenance | D37: 46363 | E37: 46363 | F37: AM | G37: 1 | H37: Trần Đình Khương | I37: ML / Data | J37: UIT datasets + domain records + policy quyền dữ liệu | K37: Kiểm count/split chính thức thay vì áp tỷ lệ minh họa; map 10 aspects và nhóm macro; dedup leakage; giữ test locked; xác định labels span cho ATE; bổ sung delivery/service nếu thiếu. | L37: aspect_taxonomy_v1.yaml; train/dev/test parquet + data card/manifests | M37: MOD-07 | N37: Python; pandas; Parquet; schema validation | O37: M3.G | P37: IO-10, IO-14 | Q37: Không trộn test vào train; thiếu span labels không báo ATE đạt; vùng domain chưa đủ mẫu ghi hạn chế. | R37: SRC-06 §3; SRC-07 ABSA; SRC-02 §7.3 | S37: Core | T37: ='WBS'!J48 | U37: Chưa có — điền đường dẫn báo cáo/commit/demo sau khi thực hiện
A38: M4.2 | B38: M4 | C38: ABSA baseline và evaluation harness | D38: 46364 | E38: 46364 | F38: AM | G38: 1 | H38: Trần Đình Khương | I38: ML | J38: Frozen train/dev/test + taxonomy | K38: TF-IDF + Logistic Regression cho aspect detection và sentiment theo aspect; chuẩn hóa tiếng Việt; output schema; label none/other và unsupported language; metric per-aspect/polarity. | L38: Baseline model; inference; eval scripts; confusion matrices | M38: MOD-07 | N38: scikit-learn; Python; pytest | O38: M4.1 | P38: IO-10 | Q38: Reproducible seed; lưu model/taxonomy version; baseline và candidate dùng cùng split/metric. | R38: SRC-07 ABSA-AC-01..10; SRC-02 §13.1 | S38: Core | T38: ='WBS'!J49 | U38: Chưa có — điền đường dẫn báo cáo/commit/demo sau khi thực hiện
A39: M4.3 | B39: M4 | C39: Huấn luyện candidate và evidence spans | D39: 46365 | E39: 46366 | F39: AM | G39: 2 | H39: Trần Đình Khương | I39: ML | J39: Baseline, labeled splits và GPU/CPU budget | K39: Fine-tune một PhoBERT candidate có bounded run; ATE chỉ trên dữ liệu span phù hợp; calibration trên dev; slices phủ định/slang/emoji/multi-aspect; không search rộng. | L39: Candidate checkpoint; logs; calibration; span extraction report; model card | M39: MOD-07 | N39: PyTorch; Transformers; PhoBERT candidate; temperature scaling | O39: M4.2 | P39: IO-10, IO-15 | Q39: Báo riêng aspect, polarity và span F1; confidence không tự nhận là calibrated nếu chưa đo; run manifest có dataset/code/config hashes. | R39: SRC-06 §3; SRC-07 ABSA; SRC-15 | S39: Core | T39: ='WBS'!J50 | U39: Chưa có — điền đường dẫn báo cáo/commit/demo sau khi thực hiện
A40: M4.4 | B40: M4 | C40: Chốt model bằng benchmark và release floor | D40: 46367 | E40: 46367 | F40: AM | G40: 1 | H40: Trần Đình Khương | I40: ML / QA | J40: Baseline/candidate predictions | K40: So Macro-F1/per-aspect/span/ECE và latency/memory; chọn model đạt floor; low-confidence (<0.70 tạm đề xuất) vào review queue; giữ mô hình cũ nếu regression. | L40: ABSA comparison report; champion config; release decision | M40: MOD-07 | N40: scikit-learn metrics; Python eval; model registry manifest | O40: M4.3 | P40: IO-14 | Q40: Demo classification floor 0.80 và critical aspect 0.75 chỉ thuộc profile demo đã khóa G0; architecture-target classification/polarity ≥0.85. Báo ATE span F1 riêng, target ≥0.85 theo SRC-05 §9.1 với định nghĩa averaging/span match khóa G0. Thiếu span labels/test → ATE NOT VALIDATED và chưa đạt đầy đủ architecture; không dùng category F1 thay ATE. | R40: SRC-06 §3.3; SRC-04; SRC-07 | S40: Core | T40: ='WBS'!J51 | U40: Chưa có — điền đường dẫn báo cáo/commit/demo sau khi thực hiện
A41: M4.5 | B41: M4 | C41: Ingestion, queue và batch phủ toàn corpus | D41: 46370 | E41: 46371 | F41: AM | G41: 1.5 | H41: Trần Đình Khương | I41: Backend / Data | J41: ABSA model; FeedbackRecord; review data | K41: POST ingest ghi record + outbox event trong cùng PostgreSQL transaction rồi trả 202/batch_id; mask PII trước phát event, outbox/queue chỉ chứa masked payload và authorized record refs; dispatcher retry đưa Redis Streams; dedup source+ID/event_id; worker ack sau durable prediction commit, reclaim pending sau crash và DLQ. Validate spam/empty/date/lang; infer tất cả accepted records; append predictions và enrich review index bằng job idempotent. Qdrant lỗi không làm mất prediction; replay từ SQL/outbox. | L41: Pipeline A; workers; absa_predictions; feedback_reviews index; coverage report | M41: MOD-02, MOD-04, MOD-07 | N41: FastAPI; Redis Streams; PostgreSQL; Qdrant | O41: M4.4 | P41: IO-03, IO-10 | Q41: Không giới hạn bằng top_k; accepted=processed+pending+failed có lý do; replay không trùng; model version không overwrite. Fault injection tại sau DB commit/trước enqueue, sau publish/trước đánh dấu outbox, sau prediction commit/trước ack; không mất accepted record hoặc tăng đôi prediction. | R41: SRC-02 §5.2,7.1,8; SRC-06 §2–4; SRC-14 | S41: Core | T41: ='WBS'!J52 | U41: Chưa có — điền đường dẫn báo cáo/commit/demo sau khi thực hiện
A42: M4.6 | B42: M4 | C42: Semantic router, rate limit và triage API | D42: 46371 | E42: 46372 | F42: PM | G42: 1 | H42: Trần Đình Khương | I42: Backend / ML | J42: Router labels, known safety patterns, ABSA inference | K42: Seed 1,500 router texts bằng templates + kiểm thủ công mẫu; benchmark rules vs classifier; route macro_review/complaint_ticket/out_of_scope; policy_query vào nhánh chat; Redis sliding window và quota. Tái sử dụng rate limiter đã có ở M2.5; ở đây mở rộng theo route/worker, không đợi M4 mới bảo vệ chat. | L42: Router dataset/card; router service; rate limiter; /api/v1/absa/predict | M42: MOD-01, MOD-02, MOD-07, MOD-12 | N42: scikit-learn/embedding classifier; Redis; FastAPI | O42: M4.5 | P42: IO-03, IO-10 | Q42: Synthetic scores không đại diện production; urgent complaint không bỏ qua; unsupported language phản hồi rõ; policy hỏi chung không bị loại. | R42: SRC-05 L1; SRC-06 §2.2; SRC-07 ABSA | S42: Core | T42: ='WBS'!J53 | U42: Chưa có — điền đường dẫn báo cáo/commit/demo sau khi thực hiện
A43: M4.7 | B43: M4 | C43: Tích hợp triage thật vào chatbot và workspace | D43: 46372 | E43: 46373 | F43: PM | G43: 1 | H43: Trần Đình Khương | I43: Full-stack / QA | J43: ABSA + router + Agent Workspace | K43: Gắn aspect/sentiment/entities/urgency/confidence lên ticket; agent sửa nhãn; fail inference vẫn có fallback; capture corrections có author/version; validate PII xuyên pipeline. | L43: Ticket triage v1; correction endpoint; buyer/agent regression | M43: MOD-01, MOD-07, MOD-11 | N43: FastAPI; React; PostgreSQL; pytest | O43: M4.6 | P43: IO-10, IO-13 | Q43: BUY-AC-01 có model version; human correction không tự ghi đè prediction; không chặn chat vì batch job chậm. | R43: SRC-02 §3.1–3.2,7.10; SRC-04 | S43: Core | T43: ='WBS'!J54 | U43: Chưa có — điền đường dẫn báo cáo/commit/demo sau khi thực hiện
A44: M4.G | B44: M4 | C44: G4 — Review, nghiệm thu và báo cáo giai đoạn | D44: 46373 | E44: 46373 | F44: PM | G44: 0.5 | H44: Trần Đình Khương | I44: QA / quản lý dự án | J44: Các đầu ra và test/eval của M4 | K44: Chạy lại kịch bản nghiệm thu; đối chiếu yêu cầu; ghi PASS/FAIL/BLOCKED, số đo thực và kế hoạch sửa. Tự kiểm tra theo checklist; stakeholder xác nhận nếu có. | L44: docs/reports/milestones/m4-review.md; checklist; demo; manifest phiên bản | M44: MOD-12 | N44: pytest; eval reports; Git | O44: M4.7 | Q44: G4: accepted=processed+pending+failed với lý do; coverage inference báo processed/accepted riêng; outbox/retry/ack fault tests pass; triage/corrections hoạt động. Demo gate và architecture-target ABSA/ATE báo riêng theo DEC-18; thiếu ATE không thành full architecture PASS. | R44: SRC-04; SRC-06 §3; SRC-07 ABSA | S44: Gate | T44: ='WBS'!J55 | U44: Chưa có — điền đường dẫn báo cáo/commit/demo sau khi thực hiện
A45: M4.B | B45: M4 | C45: Dự phòng sửa lỗi, tích hợp hoặc nghỉ theo lịch thực tế | D45: 46374 | E45: 46374 | F45: AM | G45: 1 | H45: Trần Đình Khương | I45: Dự phòng | J45: Blocker/failed gate hoặc ngày nghỉ đã xác nhận | K45: Ưu tiên sửa gate của giai đoạn; nếu chưa dùng thì giữ quỹ dự phòng. Không tự bổ sung tính năng. | L45: Gate được kiểm tra lại; nhật ký sử dụng dự phòng và lịch cập nhật | M45: MOD-12 | N45: Issue log; regression tests | O45: RESERVE — không phải quan hệ finish-to-start | Q45: Không vượt ngày kết thúc giai đoạn; nếu vượt phải rebaseline, không đánh dấu Done khi gate fail. | R45: DEC-01; DEC-02 | S45: Buffer | T45: ='WBS'!J56 | U45: Chưa có — điền đường dẫn báo cáo/commit/demo sau khi thực hiện
A46: M5.1 | B46: M5 | C46: Metrics SQL, lineage và cảnh báo | D46: 46377 | E46: 46377 | F46: AM | G46: 1 | H46: Trần Đình Khương | I46: Backend / Analytics | J46: Predictions/version + outcomes/timestamps | K46: Tính aspect mention/negative ratio, WoW, product/version/channel cohorts; chọn model snapshot; denominator rõ; cảnh báo min-sample + baseline; ghi freshness và unknown outcomes. | L46: Aggregate APIs; metric lineage; scheduled anomaly jobs | M46: MOD-09 | N46: PostgreSQL SQL/materialized views; worker jobs | O46: M4.G | P46: IO-11 | Q46: Aggregate khớp kiểm đếm corpus; không double count model versions; zero denominator trả no-data; không ngụy tạo real-time. | R46: SRC-02 §7.4,13.5; SRC-04; SRC-14 | S46: Core | T46: ='WBS'!J58 | U46: Chưa có — điền đường dẫn báo cáo/commit/demo sau khi thực hiện
A47: M5.2 | B47: M5 | C47: Dashboard Analyst/PM và business outcomes | D47: 46378 | E47: 46378 | F47: AM | G47: 1 | H47: Trần Đình Khương | I47: Frontend | J47: Aggregate APIs và metric dictionary | K47: Chart distribution/trend theo SKU/firmware/time/channel; population, freshness, FRT/AHT/MTTR/FCR/CSAT/cost/reopen; trạng thái no-data; phân quyền PII. | L47: apps/analyst_dashboard với bộ lọc và outcome view | M47: MOD-10 | N47: React; TypeScript; chart component; FastAPI | O47: M5.1 | P47: IO-11 | Q47: Có population và dữ liệu nguồn; các KPI chưa có baseline/mẫu đủ phải hiện chưa đủ dữ liệu. | R47: SRC-02 §3.3–3.4; SRC-14; SRC-03 US-PM-01 | S47: Core | T47: ='WBS'!J59 | U47: Chưa có — điền đường dẫn báo cáo/commit/demo sau khi thực hiện
A48: M5.3 | B48: M5 | C48: Drill-down có cohort, diversity và benchmark | D48: 46379 | E48: 46379 | F48: AM | G48: 1 | H48: Trần Đình Khương | I48: Backend / ML | J48: Dashboard context + feedback index | K48: Mở rộng InvestigationDrilldownRequest query/filters/date range; lấy 5–10 cases đa dạng, giữ product/aspect-polarity cặp đúng; thêm 40 golden review queries; benchmark 4 retrieval modes trên domain mới. | L48: Investigation API/UI; evidence pack; review retrieval report; tổng 80 golden queries | M48: MOD-04, MOD-10 | N48: Qdrant payload/nested filters; RRF; BGE adapter; FastAPI | O48: M5.2 | P48: IO-05, IO-12 | Q48: Filters không rơi khi click; nguồn/timestamp hợp lệ; không nhầm battery-positive với delivery-negative trong cùng review. | R48: SRC-02 AN-AC-01..03; SRC-06 §4; SRC-07 Retrieval | S48: Core | T48: ='WBS'!J60 | U48: Chưa có — điền đường dẫn báo cáo/commit/demo sau khi thực hiện
A49: M5.4 | B49: M5 | C49: Kiểm nghiệm dashboard và cảnh báo | D49: 46380 | E49: 46380 | F49: AM | G49: 0.5 | H49: Trần Đình Khương | I49: QA | J49: Synthetic spike cohort + real ingested snapshot | K49: So SQL với tính độc lập; replay timestamp/timezone; test empty cohort; đo alert precision trên labeled synthetic scenarios và ghi giới hạn. | L49: Analytics/drill-down test report; anomaly evaluation | M49: MOD-09, MOD-10 | N49: pytest; SQL; browser tests | O49: M5.3 | P49: IO-14 | Q49: Coverage 100% eligible ingested records; source/model lineage; alert KPI là mục tiêu, không claim production từ synthetic. | R49: SRC-04; SRC-05 §4; SRC-07 NFR | S49: Core | T49: ='WBS'!J61 | U49: Chưa có — điền đường dẫn báo cáo/commit/demo sau khi thực hiện
A50: M5.G | B50: M5 | C50: G5 — Review, nghiệm thu và báo cáo giai đoạn | D50: 46380 | E50: 46380 | F50: PM | G50: 0.5 | H50: Trần Đình Khương | I50: QA / quản lý dự án | J50: Các đầu ra và test/eval của M5 | K50: Chạy lại kịch bản nghiệm thu; đối chiếu yêu cầu; ghi PASS/FAIL/BLOCKED, số đo thực và kế hoạch sửa. Tự kiểm tra theo checklist; stakeholder xác nhận nếu có. | L50: docs/reports/milestones/m5-review.md; checklist; demo; manifest phiên bản | M50: MOD-12 | N50: pytest; eval reports; Git | O50: M5.4 | Q50: G5: dashboard từ corpus đầy đủ → filtered evidence có thể tái lập; số liệu không lấy từ mock; có freshness và denominator. | R50: SRC-02 AN-AC-01..03; SRC-03 US-PM-01 | S50: Gate | T50: ='WBS'!J62 | U50: Chưa có — điền đường dẫn báo cáo/commit/demo sau khi thực hiện
A51: M5.B | B51: M5 | C51: Dự phòng sửa lỗi, tích hợp hoặc nghỉ theo lịch thực tế | D51: 46381 | E51: 46381 | F51: AM | G51: 1 | H51: Trần Đình Khương | I51: Dự phòng | J51: Blocker/failed gate hoặc ngày nghỉ đã xác nhận | K51: Ưu tiên sửa gate của giai đoạn; nếu chưa dùng thì giữ quỹ dự phòng. Không tự bổ sung tính năng. | L51: Gate được kiểm tra lại; nhật ký sử dụng dự phòng và lịch cập nhật | M51: MOD-12 | N51: Issue log; regression tests | O51: RESERVE — không phải quan hệ finish-to-start | Q51: Không vượt ngày kết thúc giai đoạn; nếu vượt phải rebaseline, không đánh dấu Done khi gate fail. | R51: DEC-01; DEC-02 | S51: Buffer | T51: ='WBS'!J63 | U51: Chưa có — điền đường dẫn báo cáo/commit/demo sau khi thực hiện
A52: M6.1 | B52: M6 | C52: Thống nhất ontology, IDs và lifecycle | D52: 46384 | E52: 46384 | F52: AM | G52: 1 | H52: Trần Đình Khương | I52: Data / kiến trúc | J52: Blueprint §7.6 + ontology-schema + data spec | K52: ADR dùng Issue làm trung tâm; giữ ProductVersion/Firmware/Symptom/RootCause/Policy/Resolution/Evidence/Team/ServiceCenter; map schema rút gọn; tách trạng thái issue và cause; schema validation. | L52: Ontology v1 + migration mapping + lifecycle transition rules | M52: MOD-08 | N52: Neo4j schema; Pydantic; Cypher | O52: M5.G | P52: IO-12 | Q52: version_id duy nhất theo product+hw+fw; LLM không được confirm cause; tài liệu canonical và alias nhất quán. | R52: SRC-02 §7.6; SRC-08; SRC-06 §5; DEC-06 | S52: Core | T52: ='WBS'!J65 | U52: Chưa có — điền đường dẫn báo cáo/commit/demo sau khi thực hiện
A53: M6.2 | B53: M6 | C53: Seed và đồng bộ graph có provenance | D53: 46385 | E53: 46385 | F53: AM | G53: 1 | H53: Trần Đình Khương | I53: Data / Backend | J53: Canonical ontology, product/policy data, curated evidence | K53: Seed ~15 symptoms/10 causes/10 resolutions/5 centers; có hypothesis và confirmed; constraints, orphan/duplicate checks; sync idempotent từ registry/evidence; publish version manifest. | L53: neo4j_ontology_seed.json; graph_sync; graph contracts | M53: MOD-08 | N53: Neo4j; Cypher; Python driver; PostgreSQL | O53: M6.1 | P53: IO-12 | Q53: Mọi cause confirmed có evidence/approver; sample firmware fixes được đánh dấu demo; replay không tạo duplicate. | R53: SRC-06 §5,8; SRC-08; WEB-03 | S53: Core | T53: ='WBS'!J66 | U53: Chưa có — điền đường dẫn báo cáo/commit/demo sau khi thực hiện
A54: M6.3 | B54: M6 | C54: Local GraphRAG và vector→entity→graph | D54: 46386 | E54: 46386 | F54: AM | G54: 1 | H54: Trần Đình Khương | I54: Backend | J54: Neo4j seed + retrieval EvidencePack | K54: Entity link theo bridge keys; traversal parameterized theo product/version; trả paths, status, evidence, approved resolution và policy; bound hops/limit/timeout. | L54: Graph retriever + GraphContext contract + query tests | M54: MOD-04, MOD-08 | N54: Neo4j; Cypher; Qdrant; Python | O54: M6.2 | P54: IO-05, IO-12 | Q54: Hypothesis luôn gắn status; chỉ confirmed/approved dùng khẳng định; graph unavailable trả degraded và review. | R54: SRC-02 §7.7; SRC-08; SRC-06 §5–6 | S54: Core | T54: ='WBS'!J67 | U54: Chưa có — điền đường dẫn báo cáo/commit/demo sau khi thực hiện
A55: M6.4 | B55: M6 | C55: Nối graph vào resolution và chatbot | D55: 46387 | E55: 46387 | F55: AM | G55: 1 | H55: Trần Đình Khương | I55: Backend / LLM | J55: GraphContext + PolicyDecision + FSM | K55: Fuse review/policy/graph evidence; draft cite từng nguồn; chọn hướng dẫn đúng product/version, service center; graph confidence không thay điều kiện policy; rerun safety suite. | L55: Resolution v2 có graph citations và verified status | M55: MOD-01, MOD-03, MOD-06, MOD-08 | N55: Python FSM; Pydantic; Neo4j; LLM client | O55: M6.3 | P55: IO-08, IO-12 | Q55: Known issue có nguồn; thiếu confirmed cause không đoán; không hứa free replacement từ text mẫu. | R55: SRC-02 BUY-AC-03..04; SRC-06 §6 | S55: Core | T55: ='WBS'!J68 | U55: Chưa có — điền đường dẫn báo cáo/commit/demo sau khi thực hiện
A56: M6.5 | B56: M6 | C56: Analyst investigation và issue lifecycle UI | D56: 46391 | E56: 46391 | F56: AM | G56: 1 | H56: Trần Đình Khương | I56: Frontend | J56: Graph context + dashboard filters | K56: Hiển thị paths/evidence, hypothesis vs confirmed; tạo new/duplicate issue, note và evidence; issue owner/state; PM xem resolution efficacy và recurrence. | L56: Graph explorer tối giản; analyst annotation + PM issue detail | M56: MOD-08, MOD-10 | N56: React; TypeScript; FastAPI | O56: M6.4 | P56: IO-12, IO-13 | Q56: Annotation author/time/version đầy đủ; root-cause discovery là giả thuyết cho tới khi duyệt; policy source xem được. | R56: SRC-02 §3.3–3.4; SRC-14 | S56: Core | T56: ='WBS'!J69 | U56: Chưa có — điền đường dẫn báo cáo/commit/demo sau khi thực hiện
A57: M6.6 | B57: M6 | C57: Steward review, policy retirement và publish | D57: 46392 | E57: 46392 | F57: AM | G57: 1 | H57: Trần Đình Khương | I57: Full-stack | J57: Proposed mutations + role matrix | K57: UI queue approve/reject/conflict; quyền analyst/steward riêng dù demo cùng người; retire policy; chuẩn bị snapshot/version rồi publish qua release manifest; audit và rollback; sensitive updates chờ reviewer được chỉ định. | L57: Steward Queue trong apps/web + knowledge versions + approval records | M57: MOD-08, MOD-11, MOD-06 | N57: FastAPI; PostgreSQL change log; Neo4j; React | O57: M6.5 | P57: IO-13 | Q57: Chưa approved không ảnh hưởng runtime; không silent overwrite; production reviewer độc lập cần người được ủy quyền. | R57: SRC-02 §3.5,7.10,14; SRC-05 US-STEWARD-01 | S57: Core | T57: ='WBS'!J70 | U57: Chưa có — điền đường dẫn báo cáo/commit/demo sau khi thực hiện
A58: M6.7 | B58: M6 | C58: Staleness, version propagation và rollback | D58: 46393 | E58: 46393 | F58: AM | G58: 1 | H58: Trần Đình Khương | I58: Backend / Platform | J58: Published graph/policy revisions + index snapshots | K58: Build policy/index/graph snapshots có version, kiểm integrity rồi chuyển active release pointer bằng một PostgreSQL transaction; mỗi request pin manifest/version và query đúng snapshot. Không giả định transaction chung PostgreSQL/Qdrant/Neo4j. Invalidate Redis, chặn policy retired ở resolver trước phát câu trả lời, retry/reconcile khi sync lỗi; rollback pointer về bộ version tương thích; giữ retention references. | L58: Knowledge publication pipeline; version rollback drill | M58: MOD-04, MOD-06, MOD-08, MOD-12 | N58: PostgreSQL; Qdrant; Neo4j; Redis; manifests | O58: M6.6 | P58: IO-15 | Q58: Draft trace đúng policy/graph version; policy retired không được lấy qua cache cũ. Test crash ở từng bước publish, stale cache và một store unavailable; request không trộn release; draft đã duyệt phải revalidate policy trước action/send. | R58: SRC-02 §15,20; SRC-06 §5–7 | S58: Core | T58: ='WBS'!J71 | U58: Chưa có — điền đường dẫn báo cáo/commit/demo sau khi thực hiện
A59: M6.8 | B59: M6 | C59: Nghiệm thu vòng analyst→knowledge→chatbot | D59: 46394 | E59: 46394 | F59: AM | G59: 1 | H59: Trần Đình Khương | I59: QA | J59: 5 persona scripts; thêm 20 knowledge queries và 20 resolution cases | K59: Chạy chuỗi end-to-end firmware demo; kiểm schema/approval/paths/source; tổng golden ≥100 và resolution ≥50; báo riêng policy/review/graph retrieval slices. | L59: Graph E2E recording; graph/resolution eval v2; source-linked reports | M59: MOD-01, MOD-08, MOD-10, MOD-11 | N59: pytest; browser tests; Cypher assertions | O59: M6.7 | P59: IO-14 | Q59: 5 role paths chạy với data demo; tổng ≥100 queries, ≥50 safety scenarios; unconfirmed case bắt buộc abstain/review. | R59: SRC-02 §19,21; SRC-06 §4,6; SRC-04 | S59: Core | T59: ='WBS'!J72 | U59: Chưa có — điền đường dẫn báo cáo/commit/demo sau khi thực hiện
A60: M6.9 | B60: M6 | C60: Đánh giá và ghi quyết định GraphRAG nâng cao | D60: 46395 | E60: 46395 | F60: AM | G60: 0.5 | H60: Trần Đình Khương | I60: Kiến trúc / ML | J60: Local GraphRAG report + cost/time budget | K60: So nhu cầu global graph summary/DRIFT với warehouse+clustering; ghi benchmark proposal và lý do defer; ghi microVM/automation/ASTE thành backlog có entry criteria. | L60: Extension ADR; roadmap sau tuần 14; scope ledger | M60: MOD-08, MOD-12 | N60: ADR; evaluation design | O60: M6.8 | P60: IO-15 | Q60: Không đánh dấu global GraphRAG/DRIFT đã triển khai; mọi yêu cầu advanced có task/điều kiện riêng. | R60: SRC-02 §7.7,18 Phase5; SRC-07 | S60: Core | T60: ='WBS'!J73 | U60: Chưa có — điền đường dẫn báo cáo/commit/demo sau khi thực hiện
A61: M6.G | B61: M6 | C61: G6 — Review, nghiệm thu và báo cáo giai đoạn | D61: 46395 | E61: 46395 | F61: PM | G61: 0.5 | H61: Trần Đình Khương | I61: QA / quản lý dự án | J61: Các đầu ra và test/eval của M6 | K61: Chạy lại kịch bản nghiệm thu; đối chiếu yêu cầu; ghi PASS/FAIL/BLOCKED, số đo thực và kế hoạch sửa. Tự kiểm tra theo checklist; stakeholder xác nhận nếu có. | L61: docs/reports/milestones/m6-review.md; checklist; demo; manifest phiên bản | M61: MOD-12 | N61: pytest; eval reports; Git | O61: M6.9 | Q61: G6: quant→qual→proposed→review→publish→new ticket có bằng chứng; release manifest pin policy/graph/index, crash/reconcile và rollback pass; chưa xác nhận không được khẳng định. | R61: SRC-02 AN-AC-04..06; §3.5,19; SRC-04 | S61: Gate | T61: ='WBS'!J74 | U61: Chưa có — điền đường dẫn báo cáo/commit/demo sau khi thực hiện
A62: M6.B | B62: M6 | C62: Nghỉ dự kiến 01/01/2027 (trích quỹ dự phòng) | D62: 46388 | E62: 46388 | F62: AM | G62: 1 | H62: Trần Đình Khương | I62: Dự phòng | J62: Blocker/failed gate hoặc ngày nghỉ đã xác nhận | K62: Dành ngày 01/01/2027 trong quỹ nghỉ/dự phòng. Core tasks M6 được xếp vòng qua ngày này. Nếu lịch nghỉ thay đổi, rebaseline lịch và capacity. | L62: Gate được kiểm tra lại; nhật ký sử dụng dự phòng và lịch cập nhật | M62: MOD-12 | N62: Issue log; regression tests | O62: RESERVE — không phải quan hệ finish-to-start | Q62: Không xếp công việc core vào ngày nghỉ dự kiến. | R62: DEC-01; DEC-02 | S62: Calendar reserve | T62: ='WBS'!J75 | U62: Chưa có — điền đường dẫn báo cáo/commit/demo sau khi thực hiện
A63: M7.1 | B63: M7 | C63: Chuẩn hóa toàn bộ feedback và export | D63: 46398 | E63: 46398 | F63: AM | G63: 1 | H63: Trần Đình Khương | I63: Backend / Data | J63: Corrections, edits, relevance, stale flags, outcomes | K63: Unified contribution API và statuses proposed/reviewed/approved/rejected/published; resolve disagreement; export chỉ approved; label/retrieval/knowledge queues riêng; dataset lineage. | L63: Annotation store; approved training/eval exports; judgments dataset | M63: MOD-11 | N63: PostgreSQL; Pydantic; JSONL/Parquet | O63: M6.G | P63: IO-13 | Q63: Hỗ trợ 8 feedback types trong blueprint; raw annotation không thành ground truth; test labels không nhập train. | R63: SRC-02 §7.10; SRC-06 §7 | S63: Core | T63: ='WBS'!J77 | U63: Chưa có — điền đường dẫn báo cáo/commit/demo sau khi thực hiện
A64: M7.2 | B64: M7 | C64: Một vòng active learning và model promotion | D64: 46399 | E64: 46399 | F64: AM | G64: 1 | H64: Trần Đình Khương | I64: ML | J64: Approved corrections + baseline training/eval pipelines | K64: Chọn uncertainty/disagreement, giữ quota diversity; retrain một candidate bounded; so cùng held-out locked; publish hoặc reject; lưu artifacts và rollback pointer. | L64: Active-learning report; candidate model; promotion/rollback manifest | M64: MOD-07, MOD-11 | N64: PyTorch/scikit-learn pipelines; versioned artifacts | O64: M7.1 | P64: IO-10, IO-14, IO-15 | Q64: Không bắt buộc candidate phải tốt hơn; chỉ promote nếu gate pass; không tự publish từ feedback chưa duyệt. | R64: SRC-02 §7.10,13,15; SRC-06 §7; SRC-15 | S64: Core | T64: ='WBS'!J78 | U64: Chưa có — điền đường dẫn báo cáo/commit/demo sau khi thực hiện
A65: M7.3 | B65: M7 | C65: Drift, quality và feedback monitoring | D65: 46400 | E65: 46400 | F65: AM | G65: 0.5 | H65: Trần Đình Khương | I65: ML / Platform | J65: Inference distributions + outcome events | K65: Monitor label/aspect/confidence/input-length/language drift và queue depth; draft acceptance/edit reasons; alert theo baseline và sample size; nối version dimensions. | L65: Quality/drift dashboard và alert config | M65: MOD-07, MOD-09, MOD-12 | N65: Prometheus/OpenTelemetry; SQL; scheduled jobs | O65: M7.2 | P65: IO-15 | Q65: Drift chỉ là tín hiệu kiểm tra; không tự đổi model/policy; thresholds và observed window được ghi. | R65: SRC-05 L7; SRC-07 monitoring; SRC-02 §15 | S65: Core | T65: ='WBS'!J79 | U65: Chưa có — điền đường dẫn báo cáo/commit/demo sau khi thực hiện
A66: M7.4 | B66: M7 | C66: Retention, correction và deletion propagation | D66: 46400 | E66: 46400 | F66: PM | G66: 0.5 | H66: Trần Đình Khương | I66: Backend / governance | J66: Data inventory + retention decisions + synthetic subject request | K66: Xóa/sửa subject record qua SQL, index, graph evidence links, caches và exports; tombstone/audit phù hợp; đánh dấu model artifacts cần đánh giá khi chứa training record đã xóa. | L66: Deletion/correction workflow + lineage test | M66: MOD-02, MOD-08, MOD-11, MOD-12 | N66: PostgreSQL; Qdrant; Neo4j; artifact manifests | O66: M7.3 | P66: IO-13, IO-15 | Q66: Không còn retrievable record bị xóa; raw PII không được phục hồi qua rollback; model unlearning không được tuyên bố đã làm. | R66: SRC-02 §14,21; SRC-07 governance | S66: Core | T66: ='WBS'!J80 | U66: Chưa có — điền đường dẫn báo cáo/commit/demo sau khi thực hiện
A67: M7.5 | B67: M7 | C67: Regression learning loop và outcome efficacy | D67: 46401 | E67: 46401 | F67: AM | G67: 0.5 | H67: Trần Đình Khương | I67: QA | J67: Feedback cycle, dataset/model/graph manifests | K67: Chạy export/retrain/publish/reject/rollback tests; liên kết resolution_success/reopen/recurrence; kiểm final response và author trace. | L67: Closed-loop E2E report; outcome linkage checks | M67: MOD-07, MOD-09, MOD-11 | N67: pytest; SQL; manifest diff | O67: M7.4 | P67: IO-14 | Q67: Mỗi thay đổi có source/author/reviewer/version; không học trực tiếp từ người dùng; kết quả kém không promote. | R67: SRC-02 §21; SRC-03; SRC-06 §7 | S67: Core | T67: ='WBS'!J81 | U67: Chưa có — điền đường dẫn báo cáo/commit/demo sau khi thực hiện
A68: M7.G | B68: M7 | C68: G7 — Review, nghiệm thu và báo cáo giai đoạn | D68: 46401 | E68: 46401 | F68: PM | G68: 0.5 | H68: Trần Đình Khương | I68: QA / quản lý dự án | J68: Các đầu ra và test/eval của M7 | K68: Chạy lại kịch bản nghiệm thu; đối chiếu yêu cầu; ghi PASS/FAIL/BLOCKED, số đo thực và kế hoạch sửa. Tự kiểm tra theo checklist; stakeholder xác nhận nếu có. | L68: docs/reports/milestones/m7-review.md; checklist; demo; manifest phiên bản | M68: MOD-12 | N68: pytest; eval reports; Git | O68: M7.5 | Q68: G7: sửa nhãn/tri thức→duyệt→dataset/model/knowledge version→đánh giá→publish hoặc reject được chạy và truy vết. | R68: SRC-02 §7.10,21; SRC-04 | S68: Gate | T68: ='WBS'!J82 | U68: Chưa có — điền đường dẫn báo cáo/commit/demo sau khi thực hiện
A69: M7.B | B69: M7 | C69: Dự phòng sửa lỗi, tích hợp hoặc nghỉ theo lịch thực tế | D69: 46402 | E69: 46402 | F69: AM | G69: 1 | H69: Trần Đình Khương | I69: Dự phòng | J69: Blocker/failed gate hoặc ngày nghỉ đã xác nhận | K69: Ưu tiên sửa gate của giai đoạn; nếu chưa dùng thì giữ quỹ dự phòng. Không tự bổ sung tính năng. | L69: Gate được kiểm tra lại; nhật ký sử dụng dự phòng và lịch cập nhật | M69: MOD-12 | N69: Issue log; regression tests | O69: RESERVE — không phải quan hệ finish-to-start | Q69: Không vượt ngày kết thúc giai đoạn; nếu vượt phải rebaseline, không đánh dấu Done khi gate fail. | R69: DEC-01; DEC-02 | S69: Buffer | T69: ='WBS'!J83 | U69: Chưa có — điền đường dẫn báo cáo/commit/demo sau khi thực hiện
A70: M8.1 | B70: M8 | C70: CI, AI gates và artifact release bất biến | D70: 46405 | E70: 46405 | F70: AM | G70: 1 | H70: Trần Đình Khương | I70: Platform | J70: Existing CI workflows + all eval reports | K70: Chạy unit/contract/integration/eval/E2E; build once by digest; attach data/model/index/graph/policy/prompt versions; promote same artifact; model/app rollback tách; giữ test evidence. | L70: Release workflow + run-manifest + reproducibility scripts | M70: MOD-12 | N70: GitHub Actions; Poetry lock; Docker; pytest; artifacts/S3 | O70: M7.G | P70: IO-15 | Q70: CI pass gồm AI/policy gates, không chỉ Pod Ready; không commit model/index binaries. | R70: SRC-02 §15–16,21; SRC-15; SRC-16 | S70: Core | T70: ='WBS'!J85 | U70: Chưa có — điền đường dẫn báo cáo/commit/demo sau khi thực hiện
A71: M8.2 | B71: M8 | C71: Hạ tầng và phân quyền deployment mục tiêu | D71: 46406 | E71: 46406 | F71: AM | G71: 1 | H71: Trần Đình Khương | I71: Platform | J71: Compose release + infrastructure ADR + cloud prerequisites | K71: Helm/Terraform cấu hình bounded demo; OIDC builder/staging/prod roles; per-service identity; Secrets, NetworkPolicy, non-root/read-only; CPU/GPU worker separation; validate/render plan. IAM matrix: builder chỉ push ECR; staging/prod deploy role riêng, production environment có reviewer; API read-only S3 docs + secrets cần thiết; training worker read/write dataset bucket. Chọn Pod Identity hoặc IRSA, chặn pod lấy node-role credentials qua IMDS; validate securityContext runAsNonRoot/readOnlyRootFilesystem/drop ALL và NetworkPolicy. Tên role theo SenticRAG, không sao chép project-a. | L71: IaC/chart package; IAM matrix; rendered manifests; cloud cost/prerequisite record | M71: MOD-12 | N71: Helm; Terraform; EKS/ECR/S3/Secrets target; Kubernetes | O71: M8.1 | P71: IO-15 | Q71: Không hứa production full trong 1 ngày: scope là minimal validated package; thiếu account hoặc resource thì live apply là BLOCKED. Render/lint/policy checks không chứng minh IAM runtime; negative access tests chỉ PASS khi chạy trên môi trường thật, thiếu cloud ghi NOT RUN. | R71: SRC-02 §14.3,16; SRC-05 §7; DEC-11 | S71: Core | T71: ='WBS'!J86 | U71: Chưa có — điền đường dẫn báo cáo/commit/demo sau khi thực hiện
A72: M8.3 | B72: M8 | C72: Deploy demo và health/observability thật | D72: 46407 | E72: 46407 | F72: AM | G72: 1 | H72: Trần Đình Khương | I72: Platform | J72: Release artifacts + available local/staging resources | K72: Chạy Compose demo bắt buộc; nếu prereqs đủ, triển khai bounded EKS staging; trace→logs→metrics; dependency readiness, secrets, alerts và cost; ghi endpoint/env và kết quả. | L72: Runnable environment; deploy smoke evidence; production-target status | M72: MOD-12 | N72: Docker Compose; optional live EKS; OTel; Prometheus/Grafana | O72: M8.2 | P72: IO-15 | Q72: Local pass không thay live-cloud evidence; prod promotion chưa có approval phải để pending; không ghi enterprise-ready. | R72: SRC-02 §15–16; SRC-07 NFR; SRC-05 L7 | S72: Core | T72: ='WBS'!J87 | U72: Chưa có — điền đường dẫn báo cáo/commit/demo sau khi thực hiện
A73: M8.4 | B73: M8 | C73: Load, failure, latency và sizing | D73: 46408 | E73: 46408 | F73: AM | G73: 1 | H73: Trần Đình Khương | I73: QA / Platform | J73: Frozen corpus, fixed hardware and release | K73: Cold/warm p50/p95/p99 và concurrency; 1x/3x/10x synthetic load nếu tài nguyên cho phép; stage time, RAM/disk/GPU; inject timeout/Qdrant/Neo4j/queue errors; backlog/resume. Báo riêng thời gian Pipeline B, full response và TTFT; chờ người duyệt là trạng thái pending có đồng hồ riêng. Pipeline B vượt 2s thì profile architecture-target FAIL dù demo <60s có thể pass. | L73: Load/failure report + measured resource envelope + tuned config | M73: MOD-04, MOD-07, MOD-12 | N73: Python load harness; metrics; Docker stats | O73: M8.3 | P73: IO-14, IO-15 | Q73: Các SLO 250ms/300ms/<2s là targets chưa chứng minh; phần không chạy ghi NOT RUN; output partial không silent. | R73: SRC-07 NFR; SRC-05 §5.2; SRC-06 sizing | S73: Core | T73: ='WBS'!J88 | U73: Chưa có — điền đường dẫn báo cáo/commit/demo sau khi thực hiện
A74: M8.5 | B74: M8 | C74: Privacy/access, backup và rollback drill | D74: 46409 | E74: 46409 | F74: AM | G74: 1 | H74: Trần Đình Khương | I74: QA / Platform | J74: Release + role matrix + snapshots | K74: Test cross-customer/role, PII, deletion, prompt injection, stale policy; backup/restore PostgreSQL/Qdrant/Neo4j; rollback app/model/index/knowledge riêng; document incident response. | L74: Security regression; restore/rollback timings; runbooks | M74: MOD-12 | N74: pytest; backup tools; manifests; Docker/Kubernetes | O74: M8.4 | P74: IO-14, IO-15 | Q74: Zero leak/unauthorized action trên suite; source/lineage sau restore nhất quán; không tự tuyên bố tuân thủ pháp lý. | R74: SRC-02 §14–16,21; SRC-07 governance | S74: Core | T74: ='WBS'!J89 | U74: Chưa có — điền đường dẫn báo cáo/commit/demo sau khi thực hiện
A75: M8.6 | B75: M8 | C75: UAT 5 vai trò và full regression | D75: 46412 | E75: 46412 | F75: AM | G75: 1 | H75: Trần Đình Khương | I75: QA / Product | J75: 5 persona scripts + ≥100 queries + ≥50 resolution cases | K75: Chạy buyer, agent, analyst, PM, steward; end-to-end story firmware; rerun frozen AI suites; ghi bug/residual limitation; đối chiếu từng acceptance ID và nguồn. | L75: UAT matrix; recordings; final evaluation tables; coverage status | M75: MOD-01..MOD-12 | N75: Browser tests; pytest; human rubric; Excel traceability | O75: M8.5 | P75: IO-14 | Q75: Mỗi story có API/UI/data/eval/audit/failure path; gate fail không đổi thành Done vì deadline. | R75: SRC-02 §19,21; SRC-03; SRC-04 | S75: Core | T75: ='WBS'!J90 | U75: Chưa có — điền đường dẫn báo cáo/commit/demo sau khi thực hiện
A76: M8.7 | B76: M8 | C76: Business KPI đối chiếu baseline | D76: 46413 | E76: 46413 | F76: AM | G76: 0.5 | H76: Trần Đình Khương | I76: Analytics / QA | J76: Manual/assisted timing, events and outcome samples | K76: Tính FRT/AHT/FCR/MTTR/CSAT/draft acceptance/reopen/cost; phân biệt synthetic replay và pilot thật; nêu sample size/time window; 40%/15% là mục tiêu chưa đảm bảo. | L76: Business KPI report; measurement limitations; post-demo pilot plan | M76: MOD-09, MOD-12 | N76: SQL; Python; metric dictionary | O76: M8.6 | P76: IO-11, IO-15 | Q76: Không có real users thì business impact NOT VALIDATED; metric denominator rõ và không trộn % tương đối với điểm phần trăm. | R76: SRC-03; SRC-04; SRC-05 §9; DEC-04 | S76: Core | T76: ='WBS'!J91 | U76: Chưa có — điền đường dẫn báo cáo/commit/demo sau khi thực hiện
A77: M8.8 | B77: M8 | C77: Tài liệu bàn giao và bộ demo tái lập | D77: 46413 | E77: 46414 | F77: PM | G77: 1 | H77: Trần Đình Khương | I77: Documentation / QA | J77: Release manifest; all source/test/eval reports | K77: Quickstart, data/model cards, API docs, runbooks, demo scripts, scope ledger; presentation Problem→Users→Evidence→Resolution→Learn; ghi rõ conditional/deferred và cách tiếp tục. | L77: Final report; release archive; handover checklist; demo guide | M77: MOD-12 | N77: Markdown; OpenAPI; Git; artifact manifest | O77: M8.7 | P77: IO-15 | Q77: Máy sạch có thể dựng bounded demo theo hướng dẫn; không dùng đường dẫn máy cá nhân trong docs mới; mọi claim có evidence. | R77: SRC-02 §21–22; SRC-15; SRC-16 | S77: Core | T77: ='WBS'!J92 | U77: Chưa có — điền đường dẫn báo cáo/commit/demo sau khi thực hiện
A78: M8.G | B78: M8 | C78: G8 — Review, nghiệm thu và báo cáo giai đoạn | D78: 46414 | E78: 46414 | F78: PM | G78: 0.5 | H78: Trần Đình Khương | I78: QA / quản lý dự án | J78: Các đầu ra và test/eval của M8 | K78: Chạy lại kịch bản nghiệm thu; đối chiếu yêu cầu; ghi PASS/FAIL/BLOCKED, số đo thực và kế hoạch sửa. Tự kiểm tra theo checklist; stakeholder xác nhận nếu có. | L78: docs/reports/milestones/m8-review.md; checklist; demo; manifest phiên bản | M78: MOD-12 | N78: pytest; eval reports; Git | O78: M8.8 | Q78: G8: demo 5 stories + quality/data/governance/release evidence; đánh giá riêng core demo, target quality, cloud và business validation; còn thiếu ghi OPEN. | R78: SRC-02 §21; SRC-03; SRC-04; SRC-07 | S78: Gate | T78: ='WBS'!J93 | U78: Chưa có — điền đường dẫn báo cáo/commit/demo sau khi thực hiện
A79: M8.B | B79: M8 | C79: Dự phòng sửa lỗi, tích hợp hoặc nghỉ theo lịch thực tế | D79: 46415 | E79: 46416 | F79: AM | G79: 2 | H79: Trần Đình Khương | I79: Dự phòng | J79: Blocker/failed gate hoặc ngày nghỉ đã xác nhận | K79: Ưu tiên sửa gate của giai đoạn; nếu chưa dùng thì giữ quỹ dự phòng. Không tự bổ sung tính năng. | L79: Gate được kiểm tra lại; nhật ký sử dụng dự phòng và lịch cập nhật | M79: MOD-12 | N79: Issue log; regression tests | O79: RESERVE — không phải quan hệ finish-to-start | Q79: Không vượt ngày kết thúc giai đoạn; nếu vượt phải rebaseline, không đánh dấu Done khi gate fail. | R79: DEC-01; DEC-02 | S79: Buffer | T79: ='WBS'!J94 | U79: Chưa có — điền đường dẫn báo cáo/commit/demo sau khi thực hiện

Sheet Capacity
A1: CAPACITY | một người, không xếp chồng công việc
A2: 70 weekday slots = 60 ngày công core/gate + 9 ngày dự phòng + 1 ngày nghỉ dự kiến 01/01. Thời gian chờ GPU/API không tự được coi là nhân lực bổ sung.
A3: ← Cover Page
A4: Tuần | B4: Từ | C4: Đến | D4: Người | E4: Core/gate days | F4: Buffer days | G4: Nghỉ dự kiến | H4: Tổng weekday slots | I4: Các task trong tuần | J4: Kiểm tải
A5: W1 | B5: 46321 | C5: 46325 | D5: Trần Đình Khương | E5: 4 | F5: 1 | G5: 0 | H5: 5 | I5: M0.1, M0.2, M0.3, M0.4, M0.G, M0.B | J5: PASS — không chồng lịch
A6: W2 | B6: 46328 | C6: 46332 | D6: Trần Đình Khương | E6: 4 | F6: 1 | G6: 0 | H6: 5 | I6: M1.1, M1.2, M1.3, M1.4, M1.G, M1.B | J6: PASS — không chồng lịch
A7: W3 | B7: 46335 | C7: 46339 | D7: Trần Đình Khương | E7: 5 | F7: 0 | G7: 0 | H7: 5 | I7: M2.1, M2.2, M2.3, M2.4, M2.5 | J7: PASS — không chồng lịch
A8: W4 | B8: 46342 | C8: 46346 | D8: Trần Đình Khương | E8: 4 | F8: 1 | G8: 0 | H8: 5 | I8: M2.5, M2.6, M2.7, M2.8, M2.G, M2.B | J8: PASS — không chồng lịch
A9: W5 | B9: 46349 | C9: 46353 | D9: Trần Đình Khương | E9: 5 | F9: 0 | G9: 0 | H9: 5 | I9: M3.1, M3.2, M3.3, M3.4, M3.5 | J9: PASS — không chồng lịch
A10: W6 | B10: 46356 | C10: 46360 | D10: Trần Đình Khương | E10: 4 | F10: 1 | G10: 0 | H10: 5 | I10: M3.5, M3.6, M3.7, M3.8, M3.G, M3.B | J10: PASS — không chồng lịch
A11: W7 | B11: 46363 | C11: 46367 | D11: Trần Đình Khương | E11: 5 | F11: 0 | G11: 0 | H11: 5 | I11: M4.1, M4.2, M4.3, M4.4 | J11: PASS — không chồng lịch
A12: W8 | B12: 46370 | C12: 46374 | D12: Trần Đình Khương | E12: 4 | F12: 1 | G12: 0 | H12: 5 | I12: M4.5, M4.6, M4.7, M4.G, M4.B | J12: PASS — không chồng lịch
A13: W9 | B13: 46377 | C13: 46381 | D13: Trần Đình Khương | E13: 4 | F13: 1 | G13: 0 | H13: 5 | I13: M5.1, M5.2, M5.3, M5.4, M5.G, M5.B | J13: PASS — không chồng lịch
A14: W10 | B14: 46384 | C14: 46388 | D14: Trần Đình Khương | E14: 4 | F14: 0 | G14: 1 | H14: 5 | I14: M6.1, M6.2, M6.3, M6.4, M6.B | J14: PASS — không chồng lịch
A15: W11 | B15: 46391 | C15: 46395 | D15: Trần Đình Khương | E15: 5 | F15: 0 | G15: 0 | H15: 5 | I15: M6.5, M6.6, M6.7, M6.8, M6.9, M6.G | J15: PASS — không chồng lịch
A16: W12 | B16: 46398 | C16: 46402 | D16: Trần Đình Khương | E16: 4 | F16: 1 | G16: 0 | H16: 5 | I16: M7.1, M7.2, M7.3, M7.4, M7.5, M7.G, M7.B | J16: PASS — không chồng lịch
... A18: W14 | B18: 46412 | C18: 46416 | D18: Trần Đình Khương | E18: 3 | F18: 2 | G18: 0 | H18: 5 | I18: M8.6, M8.7, M8.8, M8.G, M8.B | J18: PASS — không chồng lịch

Sheet Module Catalog
A1: MODULE CATALOG | trách nhiệm và ranh giới
A2: MOD-xx là module năng lực; M0–M8 là giai đoạn bàn giao. Tên thư mục “mới” là đề xuất cần tạo, không phải code đã tồn tại.
A3: ← Cover Page
A4: Module ID | B4: Tên module | C4: Giai đoạn | D4: User stories | E4: Input | F4: Output | G4: Trách nhiệm | H4: Vị trí trong repo | I4: Công nghệ | J4: Contract/API | K4: Phụ thuộc | L4: Ranh giới / quyết định
A5: MOD-01 | B5: Chatbot & conversation | C5: M0–M3; enrich M4/M6 | D5: US-BUY-01 | E5: Message + authenticated session + permitted history | F5: Answer/citations/clarification/handoff; persisted messages | G5: Session ownership; sliding buffer/summary; intent/follow-up; orchestration; buyer UI | H5: apps/api; packages/conversation (mới); apps/web/src/features/buyer-chat (mới) | I5: FastAPI; PostgreSQL; Redis; React/TypeScript | J5: IO-01, IO-02; POST /api/v1/chat/messages (mới) | K5: MOD-02/03/04; optional 05/06/07/08 | L5: Không bắt ChatRequest phải có product/order. Order tool chỉ chạy sau xác thực. Backend modular monolith, worker riêng khi cần.
A6: MOD-02 | B6: Data ingestion & knowledge preparation | C6: M1; M4; M7 | D6: ALL | E6: Crawler exports, docs, reviews/tickets/chats | F6: Validated/masked records; chunks; manifests; rejected records | G6: Parse/clean/dedup/chunk; immutable ingest log; PII boundary; source/rights; queue/retry/DLQ | H6: pipelines/ingest_feedback; pii_masking; policy_ingestion; apps/worker; adapter đọc Data_crawling | I6: Python; Pydantic; JSONL/Parquet; PostgreSQL; Redis Streams | J6: IO-03, IO-04; POST /api/v1/ingest/feedback | K6: MOD-12 | L6: Giữ Data_crawling độc lập; ứng dụng đọc export, không import crawler runtime hoặc sửa scope crawler.
A7: MOD-03 | B7: LLM generation & guardrails | C7: M2; M3; M6 | D7: US-BUY-01; US-AGENT-01 | E7: EvidencePack + allowed actions + bounded context | F7: Validated answer/draft + citations + review reason | G7: Provider client, prompts, retries, schema, claim/citation checks, no-evidence abstention, PII output | H7: packages/llm/{clients,prompts,structured_outputs,guardrails} | I7: Configurable LLM; HTTP client; Pydantic; Python validators | J7: IO-02, IO-05, IO-08 | K7: MOD-04; MOD-06 for personalized resolution | L7: LLM diễn đạt từ evidence; quyết định eligibility và quyền action thuộc MOD-06. Provider/model pin tại G0.
A8: MOD-04 | B8: Retrieval & evidence | C8: M2; mở rộng M5/M6 | D8: ALL | E8: Query + namespace + authorized filters + index version | F8: Ranked hits/evidence + source IDs + timestamps + latency | G8: Dense/BM25, RRF, optional BGE rerank, diversity, citation resolver, policy/case/known-issue modes | H8: packages/retrieval; pipelines/build_dense_sparse_index; pipelines/eval_retrieval | I8: Qdrant; sentence-transformers; rank-bm25; RRF; BGE candidate | J8: IO-05; POST /api/v1/retrieval/search (mới) | K8: MOD-02; optional MOD-07/08 enrichment | L8: Không dùng Top-K làm thống kê; score retrieval không phải xác suất; aspect-polarity filter phải bảo toàn cặp.
A9: MOD-05 | B9: Customer & order context | C9: M3 | D9: US-BUY-01; US-AGENT-01 | E9: Verified customer_ref/order_ref | F9: Order/product/warranty metadata, ownership/availability status | G9: CRM adapter, authorization, pseudonymized mapping, missing-field response, region lookup | H9: packages/customer_context; apps/api services | I9: PostgreSQL demo; CRM adapter; RBAC; typed/MCP tools | J9: IO-06; query_customer_order | K9: MOD-12 | L9: CRM/commerce là source of truth khi live. Seed demo có synthetic flag; không tự truy đơn của người khác.
A10: MOD-06 | B10: Policy registry & resolution engine | C10: M1 catalog; M3 rules; M6 graph | D10: US-BUY-01; US-AGENT-01; US-STEWARD-01 | E10: Approved policy + order context + evidence + graph context | F10: PolicyDecision; action candidates; ticket routing; resolution outcome | G10: Version/effective-date filtering; deterministic conditions; missing fields; FSM/reflection; approval; action idempotency | H10: packages/policy; packages/resolution; pipelines/eval_resolution | I10: PostgreSQL; Python rules/FSM; Pydantic; MCP adapters | J10: IO-07/08/09; POST /api/v1/resolution/draft | K10: MOD-03/04/05; optional MOD-08 | L10: Q&A nói điều kiện khác với quyết định case cụ thể. Tiền/ngoại lệ phải review; policy unknown/stale không dùng để kết luận.
A11: MOD-07 | B11: ABSA & entity/triage | C11: M4; M7 | D11: US-AGENT-01; US-ANALYST-01; US-PM-01 | E11: Masked feedback + taxonomy + versioned model | F11: Aspect-polarity pairs, confidence, supported spans/entities, model lineage | G11: Baseline/candidate training; ATE/APC/category; calibration; batch all corpus; low-confidence queue; domain slices | H11: packages/absa; pipelines/{absa_batch,eval_absa,retrain_absa} | I11: scikit-learn; PyTorch/Transformers; PhoBERT candidate; Parquet | J11: IO-10; POST /api/v1/absa/predict (mới) | K11: MOD-02; MOD-12 | L11: 100% accepted corpus được accounting; không overwrite model predictions. ATE cần labels riêng; ASTE/ACOS là extension.
A12: MOD-08 | B12: Knowledge Graph & GraphRAG | C12: M6; M7 | D12: US-ANALYST-01; US-STEWARD-01; US-BUY-01; US-PM-01 | E12: Versioned entities/evidence, proposed/approved mutations | F12: Paths, known issue context, lifecycle, published graph versions | G12: Canonical Issue-centered ontology, seed/sync, local traversal, vector bridge, constraints, approval, stale detection, rollback | H12: packages/graph/{ontology,retrievers,mutations}; pipelines/graph_sync | I12: Neo4j; Cypher; Python driver; PostgreSQL approval journal | J12: IO-12/13; controlled graph query/mutation APIs (mới) | K12: MOD-02/04/06/11 | L12: Hypothesis không thành confirmed từ LLM. Graph cycle chỉ bị chặn theo invariant của quan hệ, không cấm mọi chu trình.
A13: MOD-09 | B13: Analytics, metrics & alerts | C13: M3 events; M5 dashboard; M7/M8 eval | D13: US-ANALYST-01; US-PM-01 | E13: Versioned predictions + population + ticket/outcome timestamps | F13: Metrics, trend/cohort context, alerts, efficacy/cost reports | G13: Full-corpus aggregates, denominators, version selection, min sample, data freshness, business metrics | H13: packages/analytics; apps/worker/jobs | I13: PostgreSQL aggregates; Python scheduled jobs; Prometheus | J13: IO-11; analytics endpoints (mới) | K13: MOD-02/07; MOD-06 outcomes | L13: Báo 100% dữ liệu hợp lệ đã ingest, không tự nhận 100% khách hàng doanh nghiệp. KPI business cần baseline/pilot thật.
A14: MOD-10 | B14: Analyst/PM dashboard & investigation | C14: M5; M6 | D14: US-ANALYST-01; US-PM-01 | E14: Metrics/cohort filters + evidence + graph context | F14: Charts, issue detail, evidence drill-down, analyst annotations | G14: Filter state preservation; population/freshness; graph path viewer; issue ownership/lifecycle; role-safe drill-down | H14: apps/web/src/features/analytics (mới); apps/api investigation routes; apps/analyst_dashboard là scaffold tham chiếu | I14: React; TypeScript; chart component; FastAPI | J14: IO-11/12/13; POST /api/v1/investigation/drilldown (mở rộng) | K14: MOD-04/08/09/11 | L14: Nêu rõ candidate cause vs confirmed; metric lineage đủ để tái tính; user không cần biết vector score nội bộ.
A15: MOD-11 | B15: Agent Workspace, feedback & stewardship | C15: M3; M4; M6–M7 | D15: US-AGENT-01; US-ANALYST-01; US-STEWARD-01 | E15: Drafts/tickets, correction/relevance/outcome, proposed knowledge changes | F15: Final reviewed responses; approved labels; dataset/knowledge change versions | G15: Approve/edit/reject/reasons/escalation; annotations; stewardship queue; active learning export; status workflow | H15: apps/web/src/features/{agent-copilot,steward} (mới); packages/feedback/{annotations,knowledge_approval,active_learning}; apps/agent_workspace là scaffold tham chiếu | I15: React; FastAPI; PostgreSQL; Python export/training jobs | J15: IO-09/13; POST /api/v1/feedback/contribute | K15: MOD-06/07/08/12 | L15: Một người dev có thể mô phỏng 5 vai trò, không có nghĩa đã có independent UAT/production approver.
A16: MOD-12 | B16: Contracts, security, evaluation & operations | C16: M0–M8 | D16: ALL | E16: All configs, events, dataset/model/index/graph/policy versions | F16: Typed contracts, audit, traces, eval/release reports, deployment/runbooks | G16: Auth/RBAC, privacy/deletion, secrets/rate limit, CI gates, versioning, backup/rollback, load/drift/cost | H16: packages/common; packages/data_contracts; tests; configs; infra; .github; artifacts | I16: Pydantic; pytest; Poetry; Docker; GitHub Actions; OTel; Prometheus; Helm/Terraform/EKS target | J16: IO-14/15; health probes; manifests | K16: Shared foundation; triển khai tăng dần | L16: Demo on Compose bắt buộc. Live cloud và production có entry criteria riêng; không thay test thật bằng readiness mock.

Sheet IO Contracts
A1: INPUT / OUTPUT CONTRACTS | dữ liệu đi qua module
A2: Ví dụ JSON minh họa payload, không phải schema đầy đủ hoặc kết quả thật. Schema canonical, enum và constraints cần được khóa tại M0.3.
A3: ← Cover Page
A4: I/O ID | B4: Contract | C4: Giai đoạn | D4: Producer | E4: Consumer | F4: Input fields | G4: Output fields | H4: Validation / failure | I4: Lưu ở đâu | J4: API / trạng thái hiện tại | K4: Ví dụ minh họa | L4: Nguồn
A5: IO-01 | B5: ChatMessageRequest | C5: M0→M2 | D5: Buyer UI | E5: MOD-01 | F5: message:string; conversation_id?:UUID; client_request_id:UUID; channel; product_ref?/order_ref? | G5: Authorized request context + normalized message + optional verified refs | H5: Identity/role lấy từ auth, không tin client; max length; idempotency; policy Q&A cho phép thiếu product. | I5: PostgreSQL conversations/interactions; masked content; restricted identity mapping | J5: POST /api/v1/chat/messages — mới, không tái dùng FeedbackRecord có product_id bắt buộc | K5: {"conversation_id":"b33b56b8-a6b7-42a7-85fa-a2761262ecf5","client_request_id":"bdbbd5d4-fae8-486a-89e7-7bf334ff5a42","message":"Chính sách đổi trả thế nào?"} | L5: SRC-02 §5.4,7.9; SRC-16; đề xuất cho chatbot
A6: IO-02 | B6: ChatMessageResponse | C6: M2 | D6: MOD-01/03 | E6: Buyer UI | F6: Authorized message + EvidencePack + bounded history | G6: conversation_id; message_id; answer; citations[]; status: answered|needs_clarification|needs_human_review|error; missing_fields[]; ticket_id?; trace_id | H6: Citation chung có source_type/source_id/snippet; policy citation thêm policy_id, clause_id, chunk_id, source_url, policy_version, effective_from/effective_to nullable với unknown rõ. Ticket/graph citation dùng resolver theo loại, không ép trường policy. Resolver kiểm nguồn/version/điều khoản và evidence hỗ trợ claim; URL hợp lệ chưa đủ. No-evidence không kết luận; timeout/error rõ; stream nếu dùng chỉ phát nội dung đã kiểm. | I6: interactions, llm_generations, citations | J6: Response /api/v1/chat/messages; GET conversation/history — mới | K6: {"status":"needs_clarification","answer":"Bạn đang hỏi sản phẩm thuộc nhóm nào?","citations":[],"missing_fields":["product_category"],"trace_id":"trace-demo"} | L6: SRC-02 §7.9; SRC-04; đề xuất chatbot
A7: IO-03 | B7: FeedbackRecord → IngestReceipt | C7: M1/M4 | D7: Source adapter/chat event | E7: MOD-02→MOD-07 | F7: source/source_record_id/text/language/created_at/product_id; product_version?/customer_ref?/order_ref?/rating? | G7: accepted/rejected/batch_id; durable record IDs; masked text; validation errors; processing status | H7: Dedup source+source_record_id; UTC timestamps; product missing phải quarantine/enrich, không invent; accepted/202 chỉ sau commit record+outbox trong cùng transaction. Queue có thể pending; trả processing_status và retry/replay có lý do. | I7: Immutable ingest manifest + reviews/support_tickets + SQL outbox + queue/DLQ | J7: POST /api/v1/ingest/feedback — schema có, handler hiện mock cần triển khai | K7: {"source":"ticket","source_record_id":"tk-demo-1","product_id":"demo-phone-x","text":"Pin yếu sau cập nhật","language":"vi","created_at":"2026-10-26T03:00:00Z"} | L7: SRC-06 §2; SRC-02 §7.1,9; SRC-16
A8: IO-04 | B8: PolicyDocument / PolicyChunk | C8: M1→M2 | D8: MOD-02; steward review | E8: MOD-04/06 | F8: Raw source + URL/title/hash/crawled_at + verified applicability | G8: doc_id/chunk_id; policy_id/version/clause_id; clean text; source_url; offsets/heading; effective_from/to; scope; approval status; source_hash | H8: Không suy effective date từ crawl date; missing dates/status cần duyệt; chunk giữ ngoại lệ; only approved applicable policy searchable. | I8: Raw export; PostgreSQL registry; Qdrant policies derived index | J8: Policy ingestion pipeline; admin catalog/publish API — mới | K8: {"chunk_id":"demo-policy-v1-4.2","policy_id":"DEMO-WARRANTY","version":"1","clause_id":"4.2","status":"approved","synthetic":true} | L8: SRC-06 §4–5; SRC-02 §7.8
A9: IO-05 | B9: RetrievalRequest → EvidencePack | C9: M2→M5/M6 | D9: MOD-01/10 | E9: MOD-04→MOD-03/08 | F9: query; mode: policy|case|investigation|known_issue; authorized filters; top_k; as_of; index_version? | G9: hits[{source_type,source_id,chunk_id,score,snippet,url,timestamp,policy_version?,metadata}]; index_version; empty_reason?; stage_latency_ms | H9: Policy+review namespaces riêng; filters trước retrieval/rerank; paired aspect/sentiment; valid source IDs; distinguish score type. | I9: retrieval_sessions/results; Qdrant; source records | J9: POST /api/v1/retrieval/search — mới; internal service trong chat | K9: {"query":"đổi trả điện thoại","mode":"policy","filters":{"approval_status":"approved"},"top_k":5,"as_of":"2026-10-26"} | L9: SRC-02 §7.5; SRC-06 §4; SRC-07 Retrieval
A10: IO-06 | B10: AuthorizedOrderContext | C10: M3 | D10: Auth + CRM/seed adapter | E10: MOD-05→MOD-06 | F10: authenticated subject; verified order_ref; requested fields | G10: ownership_status; product/version; purchase_date; warranty_expires_at; region; order_status; source; missing_fields | H10: Verify ownership trước read; unknown khác not eligible; only minimized context vào LLM; seed source=demo. | I10: CRM source-of-truth; restricted SQL mapping/cache | J10: query_customer_order; customer context endpoint — mới | K10: {"order_ref":"DEMO-ORDER-01","ownership_status":"verified","source":"synthetic_seed","product_id":"demo-phone-x","missing_fields":[]} | L10: SRC-02 §3.1,7.2,8.2; SRC-06 §5.3
A11: IO-07 | B11: PolicyDecision | C11: M3 | D11: MOD-05 + approved registry | E11: MOD-06→MOD-03/11 | F11: order context; product/version; issue attributes; evaluation time | G11: eligibility: eligible|ineligible|unknown; allowed_actions; prohibited_actions; missing_fields; policy_id/version/clause_id; review_required; reasons | H11: Deterministic rule evaluator; no stale policy; dates timezone consistent; financial exception review; conditions not evaluated by LLM. | I11: Policy registry + policy_decisions audit | J11: check_warranty_eligibility tool/internal API — mới | K11: {"eligibility":"unknown","allowed_actions":[],"missing_fields":["purchase_date"],"review_required":true,"reasons":["missing_order_context"]} | L11: SRC-02 §7.8; SRC-06 §5.2
A12: IO-08 | B12: ResolutionDraftRequest/Response | C12: M3→M6 | D12: MOD-01/11 | E12: MOD-06 + MOD-03 | F12: ticket_id; authorized context refs; product/version; issue_text_masked; mode; evidence + policy decision | G12: case_summary; recommended_response/actions; citations; needs_human_review/reason; triage?; known_issue/status?; policy_version; trace_id; versions | H12: Unconfirmed root cause, ambiguity, missing policy, expired/exception case → review; no arbitrary confidence claim; authorized actions subset of rule output. | I12: llm_generations + citations + resolution_actions + audit | J12: POST /api/v1/resolution/draft — tồn tại, cần bỏ response mock và mở rộng schema | K12: {"ticket_id":"tk-demo-1","recommended_actions":["route_to_support"],"needs_human_review":true,"reason_for_review":"unconfirmed_root_cause","citations":[]} | L12: SRC-02 §7.9,9.3; SRC-06 §6; SRC-16
A13: IO-09 | B13: ReviewAction / ResolutionOutcome | C13: M3 | D13: Agent/customer feedback | E13: MOD-06/11→MOD-09 | F13: ticket_id/draft_id; approve|edit|reject|escalate; reason; final_response; request_id; outcome event | G13: persisted action_id; state; reviewer/time; sent/resolved/reopened; csat?; resolution_id; timestamps | H13: Actor from auth; idempotency; allowed state transitions; no final send before approval where required; outcome absent=unknown. | I13: interactions, resolution_actions, resolution_outcomes | J13: POST ticket review/outcome endpoints — mới; feedback/contribute dùng annotations | K13: {"ticket_id":"tk-demo-1","action":"reject","reason":"outdated_policy","request_id":"action-demo-1"} | L13: SRC-02 AG-AC-03..05; §8; SRC-03
A14: IO-10 | B14: ABSA prediction | C14: M4 | D14: MOD-02 + model/taxonomy | E14: MOD-07→MOD-04/09/11 | F14: record_id; text_masked; language; model/taxonomy version; metadata | G14: aspects[{aspect,category,sentiment,confidence,evidence_span?}]; entities[]; inference_timestamp; model_version; taxonomy_version; supported_language; status | H14: evidence_span optional/nullable chỉ khi labels/model hỗ trợ; không suy span từ category labels. model_version và taxonomy_version bắt buộc ở cấp prediction, không lặp trên từng aspect; positive/neutral/negative; confidence calibrated/marked; giữ cặp aspect-polarity. Contract tests kiểm version thiếu, span không có và payload nhiều aspect. | I14: absa_predictions keyed by record+model+taxonomy+timestamp; Qdrant derived payload | J14: POST /api/v1/absa/predict; batch worker; legacy /predict deprecated | K14: {"record_id":"rv-demo","model_version":"baseline-v1","taxonomy_version":"aspect-v1","aspects":[{"aspect":"design","sentiment":"positive"},{"aspect":"battery","sentiment":"negative"}]} | L14: SRC-02 §7.3; SRC-06 §3; SRC-07 ABSA
A15: IO-11 | B15: Metric / cohort context | C15: M5 | D15: MOD-09 | E15: MOD-10→MOD-04 | F15: validated cohort filters; selected model/taxonomy; date_from/date_to | G15: metric_id; numerator/denominator/population_count; value; prior_value; delta_pp; model_version; freshness; lineage; filters | H15: Negative rate denominator = records mentioning selected aspect in cohort; empty denominator=no-data; not total Top-K; version dedup and timezone explicit. | I15: SQL aggregates/materialized views; analytics query logs | J15: GET /api/v1/analytics/... — mới; drill-down request context | K15: {"metric_id":"battery_negative_rate","numerator":39,"denominator":100,"value":0.39,"population_count":180,"synthetic":true} | L15: SRC-02 §7.4,3.4; SRC-04
... A19: IO-15 | B19: Release / audit manifest | C19: M0–M8 | D19: Build/train/index/publish workflows | E19: Ops/steward/reviewer | F19: git SHA; config/lock; dataset/model/index/graph/policy/prompt revisions; eval artifacts | G19: immutable digest/hash map; environment; trace dimensions; reviewer/action; backup/rollback refs; cost/timing; status | H19: Same image staging→prod; app/model/knowledge rollback separate; secret/PII redacted; verified provenance. | I19: S3/local artifacts; audit DB; redacted traces/logs | J19: run-manifest.json; health live/ready/startup; observability | K19: {"git_sha":"TO_BE_BUILT","image_digest":"TO_BE_BUILT","model_version":"TO_BE_SELECTED","eval_status":"NOT_RUN","environment":"demo"} | L19: SRC-02 §14–16,21; SRC-15; SRC-07

Sheet Proposal Traceability
A1: PROPOSAL → USER STORY → TASK → CONTRACT → GATE
A2: Bao phủ nghĩa là mọi nhóm yêu cầu đã được lập kế hoạch/ghi scope; không đồng nghĩa mọi mục đã triển khai hoặc đạt production. PM/KS acceptance IDs do kế hoạch đặt để truy vết.
A3: ← Cover Page
A4: Requirement ID | B4: Yêu cầu | C4: Nguồn | D4: Tasks | E4: Modules | F4: I/O contracts | G4: Gate | H4: Scope class | I4: Evidence cần có | J4: Trạng thái nghiệm thu
A5: BUY-AC-01 | B5: Ticket lưu aspect/sentiment/entities và model version | C5: SRC-02 §3.1–3.3 | D5: M4.1,M4.5,M4.7 | E5: MOD-07 | F5: IO-03,IO-10 | G5: G4 | H5: Core demo | I5: Test/eval report + UI/API demo + audit/manifest | J5: PLANNED — chưa nghiệm thu
A6: BUY-AC-02 | B6: Draft có policy ID/version phù hợp | C6: SRC-02 §3.1–3.3 | D6: M1.3,M3.3,M3.4 | E6: MOD-06 | F6: IO-07,IO-08 | G6: G3 | H6: Core demo | I6: Test/eval report + UI/API demo + audit/manifest | J6: PLANNED — chưa nghiệm thu
A7: BUY-AC-03 | B7: Khẳng định root cause truy ngược tới evidence | C7: SRC-02 §3.1–3.3 | D7: M6.3,M6.4,M6.8 | E7: MOD-08 | F7: IO-05,IO-12 | G7: G6 | H7: Core demo | I7: Test/eval report + UI/API demo + audit/manifest | J7: PLANNED — chưa nghiệm thu
A8: BUY-AC-04 | B8: Thiếu evidence/policy phải hỏi thêm hoặc review; không đoán | C8: SRC-02 §3.1–3.3 | D8: M2.4,M2.8,M3.7,M6.4 | E8: MOD-03,MOD-06 | F8: IO-02,IO-08 | G8: G2,G3,G6 | H8: Core demo | I8: Test/eval report + UI/API demo + audit/manifest | J8: PLANNED — chưa nghiệm thu
A9: BUY-AC-05 | B9: Resolved outcome gắn ticket/resolution | C9: SRC-02 §3.1–3.3 | D9: M3.6,M7.5 | E9: MOD-06,MOD-09 | F9: IO-09 | G9: G3,G7 | H9: Core demo | I9: Test/eval report + UI/API demo + audit/manifest | J9: PLANNED — chưa nghiệm thu
A10: AG-AC-01 | B10: Không hiển thị hypothesis như fact | C10: SRC-02 §3.1–3.3 | D10: M3.5,M6.4,M6.5 | E10: MOD-08,MOD-11 | F10: IO-08,IO-12 | G10: G3,G6 | H10: Core demo | I10: Test/eval report + UI/API demo + audit/manifest | J10: PLANNED — chưa nghiệm thu
A11: AG-AC-02 | B11: Policy có source/version/effective date | C11: SRC-02 §3.1–3.3 | D11: M1.3,M3.3,M6.7 | E11: MOD-06 | F11: IO-04,IO-07 | G11: G1,G3,G6 | H11: Core demo | I11: Test/eval report + UI/API demo + audit/manifest | J11: PLANNED — chưa nghiệm thu
A12: AG-AC-03 | B12: Approve/edit/reject có lý do và feedback log | C12: SRC-02 §3.1–3.3 | D12: M3.5,M3.6,M7.1 | E12: MOD-11 | F12: IO-09,IO-13 | G12: G3,G7 | H12: Core demo | I12: Test/eval report + UI/API demo + audit/manifest | J12: PLANNED — chưa nghiệm thu
A13: AG-AC-04 | B13: Agent xem evidence gốc trước gửi | C13: SRC-02 §3.1–3.3 | D13: M3.5,M3.7 | E13: MOD-04,MOD-11 | F13: IO-05,IO-08 | G13: G3 | H13: Core demo | I13: Test/eval report + UI/API demo + audit/manifest | J13: PLANNED — chưa nghiệm thu
A14: AG-AC-05 | B14: Persist state/action/final response để tính MTTR/FCR/CSAT | C14: SRC-02 §3.1–3.3 | D14: M3.6,M5.2,M8.7 | E14: MOD-06,MOD-09 | F14: IO-09,IO-11 | G14: G3,G5,G8 | H14: Core demo | I14: Test/eval report + UI/API demo + audit/manifest | J14: PLANNED — chưa nghiệm thu
A15: AN-AC-01 | B15: Dashboard truy ngược population và bản ghi được tính | C15: SRC-02 §3.1–3.3 | D15: M4.5,M5.1,M5.4 | E15: MOD-07,MOD-09 | F15: IO-10,IO-11 | G15: G4,G5 | H15: Core demo | I15: Test/eval report + UI/API demo + audit/manifest | J15: PLANNED — chưa nghiệm thu
... A94: EXT-08 | B94: Dedicated annotation platform / large-scale active learning | C94: SRC-02 §10.5,7.10; SRC-07 | D94: M7.1,M7.2 | E94: MOD-12 | F94: IO-15 | G94: G8 | H94: Deferred sau W14 | I94: Argilla/alternative ADR và migration có evidence; Core giữ workspace/approval/export và một retrain cycle; không bắt cài mọi tool được tham khảo | J94: PLANNED — chưa nghiệm thu

Sheet Acceptance Gates
A1: ACCEPTANCE GATES | đo thế nào, bằng chứng nào
A2: Các chỉ tiêu là target/giả định từ tài liệu hoặc đề xuất, chưa được đo trong lượt lập kế hoạch. Gate fail không được đóng do hết thời gian; NOT RUN không phải PASS.
A3: ← Cover Page
A4: Gate / Metric | B4: Nội dung | C4: Giai đoạn | D4: Ngưỡng / tiêu chí | E4: Phương pháp đo | F4: Bằng chứng | G4: Nguồn | H4: Loại chỉ tiêu | I4: Giới hạn / lưu ý | J4: Kết quả hiện tại
A5: G0 | B5: Thiết kế chatbot và khóa phạm vi | C5: M0 | D5: G0: khóa I/O, ADR, profile demo/architecture-target và ngưỡng eval; rà lại effort M0.4/M3.4/M4.5/M6.7/M8.2 theo smoke thực. Lịch 14 tuần là baseline, chưa chứng minh feasibility; thiếu resource/effort phải ghi blocker hoặc rebaseline. | E5: Review all preceding phase tasks + demo + regression + source coverage | F5: docs/reports/milestones/m0-review.md; checklist; demo; manifest phiên bản | G5: SRC-02 §21; SRC-03; SRC-04 | H5: Gate bàn giao | I5: Một người tự review theo checklist; external acceptance cần người được ủy quyền nếu áp dụng. | J5: NOT RUN
A6: G1 | B6: Chuẩn hóa dữ liệu chính sách cho chatbot | C6: M1 | D6: G1: 5–10 policies/~30 clauses đã duyệt, truy nguồn đầy đủ; 40 queries + 20 hội thoại; privacy fixtures; ingestion idempotent. | E6: Review all preceding phase tasks + demo + regression + source coverage | F6: docs/reports/milestones/m1-review.md; checklist; demo; manifest phiên bản | G6: SRC-06; SRC-10; SRC-04 | H6: Gate bàn giao | I6: Một người tự review theo checklist; external acceptance cần người được ủy quyền nếu áp dụng. | J6: NOT RUN
A7: G2 | B7: Chatbot RAG đầu tiên chạy xuyên suốt | C7: M2 | D7: G2: chatbot UI→API→retrieval→LLM→citations chạy thật; multi-turn/fallback/privacy, claim/schema/policy/output filter và rate-limit/quota pass; benchmark retrieval/generation riêng. Chưa có ABSA/GraphRAG không được gọi hoàn thành full Buyer story. | E7: Review all preceding phase tasks + demo + regression + source coverage | F7: docs/reports/milestones/m2-review.md; checklist; demo; manifest phiên bản | G7: SRC-03 US-BUY-01; SRC-04; SRC-02 §21 | H7: Gate bàn giao | I7: Một người tự review theo checklist; external acceptance cần người được ủy quyền nếu áp dụng. | J7: NOT RUN
A8: G3 | B8: Chatbot theo đơn hàng và Copilot CSKH | C8: M3 | D8: G3: order ownership + deterministic policy + agent review/outcome pass; restart/resume/idempotency và ba MCP tools qua protocol có evidence; điều kiện thiếu được hỏi lại; có ticket tới specialist thật trong app. | E8: Review all preceding phase tasks + demo + regression + source coverage | F8: docs/reports/milestones/m3-review.md; checklist; demo; manifest phiên bản | G8: SRC-02 BUY-AC-02..05; AG-AC-01..05; SRC-04 | H8: Gate bàn giao | I8: Một người tự review theo checklist; external acceptance cần người được ủy quyền nếu áp dụng. | J8: NOT RUN
A9: G4 | B9: ABSA và ingestion toàn corpus | C9: M4 | D9: G4: accepted=processed+pending+failed với lý do; coverage inference báo processed/accepted riêng; outbox/retry/ack fault tests pass; triage/corrections hoạt động. Demo gate và architecture-target ABSA/ATE báo riêng theo DEC-18; thiếu ATE không thành full architecture PASS. | E9: Review all preceding phase tasks + demo + regression + source coverage | F9: docs/reports/milestones/m4-review.md; checklist; demo; manifest phiên bản | G9: SRC-04; SRC-06 §3; SRC-07 ABSA | H9: Gate bàn giao | I9: Một người tự review theo checklist; external acceptance cần người được ủy quyền nếu áp dụng. | J9: NOT RUN
A10: G5 | B10: Dashboard toàn corpus và điều tra bằng evidence | C10: M5 | D10: G5: dashboard từ corpus đầy đủ → filtered evidence có thể tái lập; số liệu không lấy từ mock; có freshness và denominator. | E10: Review all preceding phase tasks + demo + regression + source coverage | F10: docs/reports/milestones/m5-review.md; checklist; demo; manifest phiên bản | G10: SRC-02 AN-AC-01..03; SRC-03 US-PM-01 | H10: Gate bàn giao | I10: Một người tự review theo checklist; external acceptance cần người được ủy quyền nếu áp dụng. | J10: NOT RUN
A11: G6 | B11: GraphRAG và quản trị tri thức | C11: M6 | D11: G6: quant→qual→proposed→review→publish→new ticket có bằng chứng; release manifest pin policy/graph/index, crash/reconcile và rollback pass; chưa xác nhận không được khẳng định. | E11: Review all preceding phase tasks + demo + regression + source coverage | F11: docs/reports/milestones/m6-review.md; checklist; demo; manifest phiên bản | G11: SRC-02 AN-AC-04..06; §3.5,19; SRC-04 | H11: Gate bàn giao | I11: Một người tự review theo checklist; external acceptance cần người được ủy quyền nếu áp dụng. | J11: NOT RUN
A12: G7 | B12: Closed-loop feedback và cải thiện mô hình | C12: M7 | D12: G7: sửa nhãn/tri thức→duyệt→dataset/model/knowledge version→đánh giá→publish hoặc reject được chạy và truy vết. | E12: Review all preceding phase tasks + demo + regression + source coverage | F12: docs/reports/milestones/m7-review.md; checklist; demo; manifest phiên bản | G12: SRC-02 §7.10,21; SRC-04 | H12: Gate bàn giao | I12: Một người tự review theo checklist; external acceptance cần người được ủy quyền nếu áp dụng. | J12: NOT RUN
A13: G8 | B13: Tích hợp, vận hành và bàn giao | C13: M8 | D13: G8: demo 5 stories + quality/data/governance/release evidence; đánh giá riêng core demo, target quality, cloud và business validation; còn thiếu ghi OPEN. | E13: Review all preceding phase tasks + demo + regression + source coverage | F13: docs/reports/milestones/m8-review.md; checklist; demo; manifest phiên bản | G13: SRC-02 §21; SRC-03; SRC-04; SRC-07 | H13: Gate bàn giao | I13: Một người tự review theo checklist; external acceptance cần người được ủy quyền nếu áp dụng. | J13: NOT RUN
A14: Q-01 | B14: Chatbot policy QA rubric | C14: M2/M8 | D14: ≥90% trên held-out policy QA (đề xuất MVP) | E14: Human rubric correctness/relevance/helpfulness; report n and failure reasons | F14: chatbot_mvp_eval report | G14: Đề xuất mới cho G2 | H14: Đề xuất cần khóa G0 | I14: Chưa đo; không phải kết quả hiện tại | J14: NOT RUN
A15: Q-02 | B15: Citation completeness/precision | C15: M2/M3/M6/M8 | D15: Completeness chung ≥95%; 100% policy/action claim có citation; báo precision riêng | E15: Claim-level annotated rubric + source resolver; valid URL alone không chứng minh entailment | F15: citation evaluation | G15: SRC-05 §9; SRC-04; DEC-04 | H15: Target tài liệu | I15: Chưa đo; không phải kết quả hiện tại | J15: NOT RUN
... A31: Q-18 | B31: Full user-story acceptance | C31: M8 | D31: 5 role flows demo pass; all core acceptance IDs evidence; conditional/deferred explicit | E31: Browser/API E2E; role matrix; scenario firmware; coverage lookup and reports | F31: UAT recordings + acceptance matrix | G31: SRC-02 §21; SRC-03; SRC-04 | H31: Gate bàn giao | I31: Demo completion không tự đóng live cloud/real business impact/advanced extension gates. | J31: NOT RUN

Sheet Data Plan
A1: DATA PLAN | dữ liệu cần chuẩn bị cho từng giai đoạn
A2: Kích thước là mục tiêu demo/spec, không là số lượng đã có. Training/eval data có provenance, quyền sử dụng và split/version riêng; synthetic data phải được đánh dấu.
A3: ← Cover Page
A4: Dataset ID | B4: Dữ liệu | C4: Giai đoạn | D4: Nguồn | E4: Kích thước / phạm vi | F4: Artifact đầu ra | G4: Kiểm chất lượng / governance | H4: Tasks / I/O | I4: Nguồn yêu cầu
A5: DATA-01 | B5: Policy raw → clean → chunks | C5: M1 | D5: Data_crawling exports; public/source-approved docs | E5: Kiểm kê toàn bộ; demo 5–10 policy/~30 clauses | F5: Raw manifest + clean JSONL + approved chunks | G5: URL/title/hash/crawl time; verified effective dates; duplicate/empty checks; manual clause review | H5: M1.1–M1.3; IO-04 | I5: SRC-06 §5,8; SRC-10..13
A6: DATA-02 | B6: Policy golden queries & chat dialogues | C6: M1→M2 | D6: Tự soạn từ policy đã duyệt | E6: 40 queries; 20 dialogues nhiều lượt (đề xuất MVP) | F6: golden_policy_queries.jsonl; chat_eval.jsonl | G6: Dev/test tách theo document/intent; expected sources, no-answer, follow-up, expired/conflict; human rubric | H6: M1.4; M2.2; M2.8 | I6: SRC-06 §4,6; đề xuất MVP
A7: DATA-03 | B7: PII evaluation | C7: M1→M8 | D7: Synthetic tiếng Việt/Anh + review thủ công | E7: 500–1,000 cases theo data spec; tối thiểu 500 demo | F7: pii_eval.jsonl; spans + expected_masked_text | G7: Phone/email/person/address/order refs; 0 leaks trong suite; synthetic pass không là bảo đảm tổng quát | H7: M1.4; M3.7; M8.5 | I7: SRC-06 §2.2
A8: DATA-04 | B8: Products/orders/customers | C8: M3 | D8: Synthetic seed có nguồn rõ; live CRM nếu được cấp | E8: 5–10 products; ~15 versions; 200 customer/order records | F8: products_and_orders.json + SQL seed | G8: No real PII; FK/ownership/boundary dates; seed source không nhầm production | H8: M3.1–M3.2; IO-06 | I8: SRC-06 §5.3,8
A9: DATA-05 | B9: Structured policies | C9: M1 catalog→M3 rules | D9: Approved policy document + manual rule transcription | E9: 5–10 versioned policies; ~30 clauses | F9: policies.json + registry | G9: Effective dates/scope/conditions/allowed actions có reviewer; sample 365-day warranty chỉ là fixture | H9: M1.3; M3.3; IO-07 | I9: SRC-06 §5.2,8
A10: DATA-06 | B10: ABSA benchmark/domain extension | C10: M4 | D10: UIT-ViSFD; UIT-ViSD4SA; domain data được phép | E10: Doc nêu 11,122 reviews; xác minh count và official splits; domain bổ sung tùy nhãn | F10: train/dev/test.parquet; taxonomy yaml; data card | G10: Giữ splits nguồn; không tái chia 70/10/20 nếu đã có official split; kiểm quyền; span labels cần riêng; holdout locked | H10: M4.1–M4.4; IO-10 | I10: SRC-06 §3; SRC-07 ABSA
A11: DATA-07 | B11: Semantic router | C11: M4 | D11: Synthetic templates + manually reviewed sample; real data khi có quyền | E11: 1,500–3,000 texts theo spec; MVP 1,500 synthetic/curated | F11: router_train/dev/test.jsonl; rubric | G11: macro_review/complaint_ticket/out_of_scope; policy_query map rõ; tránh template overlap test; report synthetic bias | H11: M4.6 | I11: SRC-06 §2.2; DEC-09
A12: DATA-08 | B12: Review/graph golden retrieval queries | C12: M5→M6 | D12: Corpus đã mask + graph fixtures | E12: +40 review queries M5; +20 graph/known-issue M6; tổng ≥100 | F12: golden_queries.jsonl + graded relevance | G12: Mỗi source slice riêng; benchmark dense/BM25/hybrid/reranker; no mixing policy Recall with review Recall | H12: M5.3; M6.8; IO-14 | I12: SRC-06 §4.3,8
A13: DATA-09 | B13: Resolution safety scenarios | C13: M3→M6 | D13: Synthetic verified orders + policies + graph states | E13: 30 cases M3; +20 M6; tổng ≥50 (spec 50–100) | F13: resolution_eval.jsonl | G13: Trong hạn, hết hạn, unconfirmed, injection; bổ sung missing/foreign order, retired policy, action retry; expected approval/actions/citations | H13: M3.7; M6.8 | I13: SRC-06 §6.2,8
A14: DATA-10 | B14: Graph seed | C14: M6 | D14: Curated synthetic known issues + product/policy/evidence IDs | E14: ~15 symptoms; 10 causes; 10 resolutions; 5 centers; bounded graph | F14: neo4j_ontology_seed.json; schema/version manifest | G14: Confirmed có evidence/approval; Issue/Firmware/Team bổ sung theo blueprint; graph bridge IDs stable | H14: M6.1–M6.3; IO-12 | I14: SRC-06 §5,8; SRC-08; SRC-02 §7.6
A15: DATA-11 | B15: Human annotations & outcomes | C15: M3→M7 | D15: UI corrections/edits/relevance/outcome + synthetic demo scripts | E15: Đủ mỗi feedback type; số thực được báo, không bịa adoption | F15: annotations.parquet/jsonl; outcome events; active-learning export | G15: Provenance/authors/review; train export chỉ approved; locked test không hồi vào train; no immediate truth | H15: M3.6; M4.7; M6.6; M7.1–M7.2 | I15: SRC-06 §7; SRC-02 §7.10
A16: DATA-12 | B16: Evaluation/release/ops evidence | C16: M0→M8 | D16: Code/config/data/model/index/graph/policy outputs | E16: Mỗi gate 1 manifest/report; 5 E2E recordings; load snapshots | F16: run-manifest.json; reports; model/data cards; runbooks | G16: Hash/digests; immutable artifacts; sample_count/hardware; status NOT_RUN/FAIL rõ; large weights ngoài Git | H16: Các gate; M8.1–M8.8; IO-15 | I16: SRC-15; SRC-02 §13–16,21

Sheet Tech Stack
A1: TECHNOLOGY PLAN | chọn gì, dùng ở đâu, vì sao
A2: Tái dùng stack repo; phần mới/chưa chọn có ADR và gate. Không khóa lựa chọn model theo giả định chất lượng chưa đo; phiên bản package dùng lockfile khi triển khai.
A3: ← Cover Page
A4: Tech ID | B4: Năng lực | C4: Công nghệ | D4: Giai đoạn | E4: Trạng thái lựa chọn | F4: Cách dùng / giới hạn | G4: Nguồn
A5: TECH-01 | B5: Backend & API | C5: Python 3.11/3.12; FastAPI; Pydantic; Poetry | D5: M0→M8 | E5: Có trong repo | F5: Typed APIs, validation, middleware, contracts; pin dependencies từ poetry.lock; /api/v1 canonical | G5: SRC-01; SRC-16; WEB-01
A6: TECH-02 | B6: Frontend | C6: React + TypeScript; một ứng dụng apps/web; component/API client dùng chung | D6: M0/M2→M6 | E6: Đề xuất; framework UI chưa có implementation | F6: Một build/deploy: Buyer Chat (M2), Agent Copilot (M3), Analyst BI & GraphRAG cho Analyst/PM (M5–M6), Steward Queue (M6–M7); route và API kiểm quyền; chốt bundler/chart library M0; không dựng ba project frontend | G6: WEB-04; SRC-14
A7: TECH-03 | B7: Operational storage | C7: PostgreSQL + SQLAlchemy 2.x + psycopg[binary] 3.x + Alembic | D7: M0→M8 | E7: Target repo | F7: Sessions/history/orders/policies/outcomes/annotations và metric source of truth; SQLAlchemy quản lý truy cập/transaction, psycopg là driver, Alembic quản lý migration; khóa phiên bản tương thích Python 3.11/3.12 tại M0.4; migrations ứng dụng có một owner | G7: SRC-02 §8; SRC-06 §1
A8: TECH-04 | B8: Cache / queues | C8: Redis; Redis Streams; sliding-window limits | D8: M2/M4 | E8: Repo có Redis; queue strategy cần thống nhất | F8: Chọn Redis Streams cho demo, một worker đơn giản; không triển khai đồng thời Celery và Kafka. Cache không là source of truth | G8: SRC-01; SRC-14; DEC-08
A9: TECH-05 | B9: Parsing / ingestion | C9: Python HTML parser, JSONL/Parquet, Pydantic | D9: M1/M4 | E9: Cần triển khai clean/chunk | F9: Tái dùng crawler export; chọn parser theo snapshot; clause-based chunking giữ điều kiện; không cần OCR cho corpus HTML hiện tại | G9: SRC-10; SRC-06
A10: TECH-06 | B10: Vector / lexical retrieval | C10: Qdrant + sentence-transformers + BM25 + RRF | D10: M2/M5 | E10: Target repo; module khung | F10: Benchmark local BM25 reference và Qdrant dense; chọn sparse server-side khi parity/filter tests pass; không gắn vào free-tier quota chưa đo | G10: SRC-02 §7.5; SRC-06 §4; WEB-02
A11: TECH-07 | B11: Embedding & reranker | C11: Vietnamese/multilingual embedding candidate; BGE reranker candidate | D11: M0 smoke; M2 eval | E11: Chốt model ở G0/G2 | F11: Dimension theo model thật; pin version/license; measured quality/latency/resource; enable rerank qua evidence, không mặc định | G11: SRC-06 §4; SRC-07 Retrieval
A12: TECH-08 | B12: LLM | C12: Provider-configured LLM API hoặc local model đủ tài nguyên | D12: M0 chọn; M2 tích hợp | E12: Chưa chọn provider/model | F12: Smoke tiếng Việt + JSON/citation; model ID/context/token/cost limit ghi config; secrets ngoài repo; không fine-tune LLM trong 14 tuần | G12: SRC-02 §7.9; DEC-10
A13: TECH-09 | B13: Orchestration/tools | C13: Python bounded FSM; typed tools; MCP adapter; task isolation | D13: M3 | E13: Target architecture | F13: Baseline Python bounded FSM với trạng thái lưu PostgreSQL, approval/resume và action idempotency; LangGraph chỉ chọn theo DEC-17, không bắt buộc M2; allowlist tools; microVM riêng extension | G13: SRC-05 L2/L5; SRC-02 §7.9
A14: TECH-10 | B14: ABSA | C14: TF-IDF + Logistic Regression; PhoBERT candidate với PyTorch/Transformers | D14: M4/M7 | E14: Dependencies có; model pipeline chưa có | F14: Baseline trước; một candidate bounded; tokenizer/splits pin; GPU access quyết định M0; ATE labels riêng; sklearn calibration/metrics | G14: SRC-06 §3; SRC-07 ABSA
A15: TECH-11 | B15: Graph | C15: Neo4j; Cypher parameterized; Python driver | D15: M6 | E15: Target repo | F15: Issue-centered canonical schema; constraints/controlled hops; local graph + vector bridge; global summaries/DRIFT để extension | G15: SRC-02 §7.6–7.7; SRC-08; WEB-03
... A20: TECH-16 | B20: Cloud target | C20: Helm; Terraform; AWS EKS/ECR/S3/Secrets; OIDC and per-service identity | D20: M8; production rollout conditional | E20: Target docs; chưa chứng minh live | F20: Minimal package validate; actual cloud needs access/budget/reviewer; production-grade scaling/HA thêm roadmap; không lấy quota free tier làm cam kết | G20: SRC-02 §14.3,16; SRC-05 §7; DEC-11

Sheet Decisions
A1: DECISION LOG | giả định và mâu thuẫn cần chốt
A2: Instruction mới nhất của người dùng: 14 tuần, bắt đầu 26/10/2026, một người, chatbot trước. Các lựa chọn kỹ thuật/ngưỡng chưa được xác nhận phải được chốt tại gate được ghi.
A3: ← Cover Page
A4: Decision ID | B4: Chủ đề | C4: Vấn đề / nguồn khác nhau | D4: Quyết định đề xuất | E4: Trạng thái | F4: Hạn / task chốt | G4: Ảnh hưởng / xử lý
A5: DEC-01 | B5: Lịch và nhân lực | C5: User: 14 tuần từ 26/10/2026; chỉ 1 người | D5: 14 tuần đến 31/01/2027; làm việc cuối 29/01; 5 ngày/tuần, 1 ngày=8h; 60 ngày task + 10 slot dự phòng/nghỉ. 01/01/2027 dành 1 slot nghỉ dự kiến; còn 9 ngày dự phòng thực. | E5: Đã xác nhận lịch/người; giờ/nghỉ là giả định | F5: M0.G | G5: Nếu làm part-time/nghỉ thêm: dùng dự phòng rồi rebaseline; không song song nhiều vai trò.
A6: DEC-02 | B6: Phạm vi một người | C6: Full blueprint gồm nhiều tầng enterprise; 14 tuần không đồng nghĩa production đạt hết | D6: Cam kết phạm vi bounded demo 5 personas; every requirement có coverage. Optional advanced được deferred; cloud/real CRM/business pilot có gate phụ thuộc. | E6: Đề xuất kế hoạch | F6: M0.G | G6: Không tuyên bố toàn bộ target architecture đã production-ready; gate thất bại cần kế hoạch sửa.
A7: DEC-03 | B7: FRT 30s/60s và pipeline <2s | C7: User story <30s; acceptance/blueprint <60s; architecture pipeline <2s | D7: Chat MVP standard scenarios: full response <60s trên bộ test; <30s stretch. Architecture-target Pipeline B <2s đến guarded output gồm mọi stage route dùng; báo stage times, TTFT và chờ approval riêng, không thay target bằng first-token. Khóa boundary/percentile/concurrency tại G0; xem DEC-18. | E7: Cần chốt tại G0 | F7: M0.G; M2.G; M8.4 | G7: FRT đo từ gửi ticket đến phản hồi đầu hữu ích; TTFT và full latency báo riêng, sample/hardware rõ.
A8: DEC-04 | B8: Unsupported action / citations / business KPI | C8: Acceptance zero promises; architecture ≤1% actions, ≥95% completeness; FCR +15% chưa rõ đơn vị | D8: Zero unsupported policy/refund commitments trên critical suite; generic unsupported-action rate báo riêng. Policy claims cần citation 100%, completeness chung ≥95%. FCR +15% tạm hiểu tương đối, chốt baseline/denominator tại G0. | E8: Cần chốt ngưỡng/định nghĩa | F8: M0.G; M3.7; M8.7 | G8: Mục tiêu business AHT ≥40%, FCR ≥15%, draft accept ≥80% chưa là kết quả; real pilot mới validate.
A9: DEC-05 | B9: ABSA/Recall và latency targets | C9: Research ghi MVP F1 .80; acceptance .85; Recall@5 .88/@10 .85; p95 250/300ms giả định | D9: Demo classification floor .80, critical aspect .75 nếu khóa G0; architecture-target classification/polarity và ATE ≥.85, ATE đo riêng theo Q-09/DEC-18. Báo Recall@5 và @10 trên cùng ranked list/query set; @10 không thấp hơn @5. Tất cả latency trên hardware/corpus pin. | E9: Targets cần baseline; không sửa số đo | F9: M0.G; M4.4; M5.3 | G9: Ngưỡng Recall@10 thấp hơn @5 là floor yếu hơn, không phải kỳ vọng Recall giảm. Model failure không tự giảm gate.
A10: DEC-06 | B10: Ontology và trạng thái nguyên nhân | C10: Blueprint có Issue/Firmware/Evidence/Team; schema rút gọn lấy RootCause trung tâm; status names khác | D10: Canonical Issue-centered ontology theo blueprint; adapter cho schema rút gọn; tách issue vs root-cause states; cause hypothesis/under_review/confirmed/rejected; issue emerging/investigating/confirmed/mitigated/monitored/closed. | E10: Đề xuất ADR | F10: M0.3; M6.1 | G10: Chu trình graph hợp lệ không cấm toàn cục; chỉ kiểm chu trình trái invariant. Knowledge freshness <24h là target cần đo.
A11: DEC-07 | B11: API và schemas chưa đủ chatbot | C11: Blueprint cũ /v1/... khác README /api/v1/...; FeedbackRecord bắt product_id; Citation thiếu URL/version | D11: Giữ /api/v1 hiện có, thêm /chat/messages, schema conversation riêng; mở rộng citation và investigation; status enum; legacy endpoints deprecated; migration tương thích. | E11: Đề xuất chuẩn canonical | F11: M0.3; M2.5; M5.3 | G11: Không chặn hỏi chính sách chung do thiếu product. Ghi OpenAPI version và contract tests.
A12: DEC-08 | B12: BM25 backend, queue và scale | C12: README BM25 ngoài/Qdrant; data spec server-side sparse; worker nhắc Redis/Kafka, README Celery | D12: Demo một Redis Streams worker; local BM25 làm reference; dense+BM25+RRF contract ổn định. Chọn server-side sparse sau parity/filter benchmark; API modular monolith + worker. | E12: Đề xuất đơn giản hóa triển khai | F12: M0.3; M2.2; M4.5 | G12: Không đưa Kafka/Celery/microservices vào cùng sprint; độc lập scale là boundary thiết kế và roadmap.
A13: DEC-09 | B13: Dữ liệu, taxonomy và router | C13: UIT count/split minh họa; 10 aspect vs macro categories; 3-class router không có policy Q&A | D13: Xác minh license/count/split chính thức; freeze taxonomy mapping; bổ sung domain labels; policy_query subintent thuộc service/chat branch; paired aspect-polarity payload. | E13: Cần khóa tại G0/G4 | F13: M0.3; M4.1; M4.6 | G13: Synthetic không là production evidence; unsupported language rõ; dataset span không tự suy từ category labels.
A14: DEC-10 | B14: LLM/model/provider và thiếu benchmark | C14: Docs không khóa provider; embedding dimension/model candidates khác nhau; confidence .70 chưa calibrate | D14: Smoke chọn tại M0.3 theo tiếng Việt/schema/cost/access; config/version pin; confidence chỉ dùng khi có calibration hoặc rubric; .70 là rule thử nghiệm phải validate. | E14: Chưa chọn model; không chặn lập kế hoạch | F14: M0.3; M2.4; M4.4 | G14: Thiếu key/compute chuyển resource blocker, không thay bằng response hardcoded rồi gọi hoàn thành.
A15: DEC-11 | B15: Cloud và giới hạn free tier | C15: Docs nêu EKS/HA/GPU/scaling và quota RAM/node cụ thể nhưng chưa có deployment evidence | D15: Compose demo bắt buộc; IaC package core M8; live EKS/CRM/prod phụ thuộc quyền/budget/reviewer; đo actual sizing, không kế thừa quota/số RAM chưa xác minh. | E15: Resource gate | F15: M0.3; M8.2–M8.3 | G15: Thiếu resource: cloud gate BLOCKED/NOT_RUN; không thế bằng local pass; plan production mở rộng sau demo.
... A25: DEC-21 | B25: Nguồn hiện tại và lịch sử | C25: Planning lập từ 9083135 khác develop eb194ff; một số nguồn vắng và hash kiến trúc cũ | D25: Ưu tiên yêu cầu người dùng; SRC-05 cho 7 tầng/target, SRC-02 bổ sung; mâu thuẫn phải ghi ADR. SRC-06/10..13 trỏ blob 9083135 thay link local hỏng | E25: Đã đối chiếu nguồn; không duyệt data | F25: M0.1; M0.G; mỗi lần rebaseline | G25: Báo cáo audit tách requirement gốc, lựa chọn demo, điều kiện còn mở và thiếu evidence; không sửa đặc tả nguồn để hợp thức hóa plan.

Sheet Extensions
A1: EXTENSIONS | phạm vi conditional / sau tuần 14
A2: Các mục này vẫn được bao phủ trong traceability. Không tính effort triển khai extension vào 60 ngày core và không đánh dấu Done khi chỉ viết ADR.
A3: ← Cover Page
A4: ID | B4: Hạng mục | C4: Scope | D4: Task xem xét trong 14 tuần | E4: Nguồn | F4: Entry criteria | G4: Output cần có khi triển khai | H4: Ranh giới với core
A5: EXT-01 | B5: Global GraphRAG / DRIFT-like query | C5: Deferred sau W14 | D5: M6.9 | E5: SRC-02 §7.7B,18 Phase5 | F5: Cần query set global + local/warehouse baseline + token/cost budget | G5: Implement bounded experiment; quality/cost report; chỉ promote nếu gain | H5: Không cần cho 5 demo stories local entity-centered
A6: EXT-02 | B6: Autonomous multi-step actions / proactive outreach | C6: Deferred sau W14 | D6: M6.9 | E6: SRC-02 §18 Phase5 | F6: Đã có policy rules, authorization, rollback/idempotency và approve action matrix | G6: Controlled action integration + verified delivery/outcome | H6: Chatbot M3 có tools/approval; tự động hoàn tiền/liên hệ chủ động chưa triển khai
A7: EXT-03 | B7: MicroVM isolation | C7: Conditional extension | D7: M3.8; M6.9 | E7: SRC-05 L5; SRC-01 | F7: Có nhu cầu chạy code không tin cậy và hạ tầng hỗ trợ; task isolation hiện tại không đủ | G7: MicroVM proof-of-concept và threat/resource tests | H7: 14 tuần dùng allowlisted typed tools + task/container isolation; không gọi đây là microVM
A8: EXT-04 | B8: ASTE/ACOS / English expansion / alternative encoder roster | C8: Deferred sau W14 | D8: M4.1; M6.9 | E8: SRC-02 §7.3; SRC-07 ABSA | F8: Có labels opinion/span/category, quyền dataset và tài nguyên; core ABSA gate đã ổn | G8: Candidate comparisons, slices và model card | H8: MVP tiếng Việt; ATE chỉ nếu nhãn phù hợp; multi-language unsupported path vẫn có
A9: EXT-05 | B9: Live production EKS, HA/GPU autoscaling, availability validation | C9: Conditional resource + sau demo | D9: M8.2–M8.5 | E9: SRC-02 §14–16; SRC-07 NFR | F9: Cloud account/budget, qualified reviewer, secrets/backup, đủ load/monitoring window | G9: Live deploy evidence; sustained SLO; scaling/restore; audited prod approval | H9: IaC minimal + local demo có trong core; live target chưa có evidence không được đóng
A10: EXT-06 | B10: Real CRM/commerce connectors và real business pilot | C10: Conditional data access | D10: M3.2; M8.7 | E10: SRC-02 §7.1,8.2,13.5; SRC-03 | F10: API access/quyền dữ liệu, baseline cohort, support/product reviewers | G10: Live connector integration, real AHT/FCR/CSAT study | H10: 14 tuần synthetic adapters + instrumentation; KPI business NOT VALIDATED nếu thiếu pilot
A11: EXT-07 | B11: Multimodal parsers / call transcripts / more channels | C11: Deferred theo data need | D11: M0.1; M6.9 | E11: SRC-05 L1; SRC-02 §7.1 | F11: Có nguồn được phép và acceptance cho modality cụ thể; HTML/text MVP đã đạt | G11: Connector/parser schemas, permission and extraction quality report | H11: Không tự thêm kiosk ASR/TTS từ research lịch sử vào core
A12: EXT-08 | B12: Dedicated annotation platform / large-scale active learning | C12: Deferred sau W14 | D12: M7.1–M7.2 | E12: SRC-02 §10.5,7.10; SRC-07 | F12: Annotation volume/multiple reviewers làm UI hiện tại thiếu; core approval/export đã ổn | G12: Argilla/alternative ADR và migration có evidence | H12: Core giữ workspace/approval/export và một retrain cycle; không bắt cài mọi tool được tham khảo

Sheet Source Register
A1: SOURCE REGISTER | tài liệu và bằng chứng đọc repo
A2: Audit 23/10/2026: current working tree eb194ff; SRC-02/SRC-05 hash hiện tại; SRC-06/10..13 chỉ có tại git 9083135 và đã xác minh hash lịch sử. Không xác nhận raw data đã duyệt.
A3: ← Cover Page
A4: Source ID | B4: Tên | C4: Đường dẫn / URL | D4: Mục đã đối chiếu | E4: Bao phủ bởi | F4: Lưu ý | G4: SHA-256 | H4: Ngày đọc
A5: SRC-01 | B5: README và repo layout | C5: README.md | D5: Executive summary; architecture; API layout; setup | E5: M0.1; M0.3; M8.8 | F5: Current project overview; claims production phải kiểm code/evidence. | G5: 94c473b9505e215958665d8f290c2df0fe9f94735d8032ed1a9a0817e7dc5db0 | H5: 2026-10-23
A6: SRC-02 | B6: Final project tiếng Việt | C6: docs/architecture/Final_project_rewritten.md | D6: §0–4 product/personas; §5–9 architecture/modules/data/API; §10 research; §11–12 changes/layout; §13–17 eval/governance/ops; §18–24 roadmap/scenario/risks/DoD/narrative/sources | E6: M0–M8; all acceptance IDs; Extensions | F6: Nguồn bao quát nhất; old referenced Bai_Toan_Dat_Ra/Final_project(3) không tìm thấy trong repo hiện tại. Audit lại working tree eb194ff ngày 23/10/2026; hash này thay snapshot nguồn cũ. | G6: 84faba76c4a1d3b543b389646525782b199c559bfa9c9556c5c5ed3ceb00d7e6 | H6: 2026-10-23
A7: SRC-03 | B7: Product user stories | C7: docs/product/user-stories.md | D7: US-BUY-01, US-AGENT-01, US-ANALYST-01, US-PM-01 | E7: M2–M8 | F7: Outcome numbers là targets; FRT khác acceptance cần DEC-03. | G7: 057018fb888aae7036e89e13a7df74e4cc1238599c4223ded63b778429329161 | H7: 2026-10-23
A8: SRC-04 | B8: Product acceptance | C8: docs/product/acceptance-criteria.md | D8: Buyer/Agent/Analyst/PM readiness | E8: G2–G8; Q-02..18 | F8: Tiêu chí dùng nghiệm thu, không là số đo repo. | G8: f0fc522e55e5ea4791fef0a6a77c2e27dca8a00c71481674b2203749c893c4c6 | H8: 2026-10-23
A9: SRC-05 | B9: Architecture blueprint | C9: docs/architecture/ARCHITECTURE.md | D9: §0–4 purpose/story/traceability; §5 7-layer/memory/2 pipelines; §6–10 modules/security/APIs/metrics/roadmap | E9: ARCH-L1..L7; M0–M8 | F9: Có US-STEWARD-01 và production targets; chatbot-first đổi thứ tự, giữ coverage. Audit lại working tree eb194ff ngày 23/10/2026; hash này thay snapshot nguồn cũ. | G9: 75b65a38662381526009dd0184d65ce76816aa7b74382b2524c391b09c4ad895 | H9: 2026-10-23
A10: SRC-06 | B10: Production data specification | C10: git:9083135:docs/reports/production-data-specification.md | D10: §1 storage; §2 PII/router; §3 ABSA; §4 retrieval; §5 graph/policy/CRM; §6 resolution; §7 feedback; §8 data checklist | E10: Data Plan; IO-03..15; M1/M3/M4/M6/M7 | F10: HISTORICAL ONLY: không có trong checkout eb194ff; git show 9083135:docs/reports/production-data-specification.md có blob khớp SHA-256. Counts/splits/model/quota minh họa cần verify, không copy làm kết quả/thông số runtime đã đo. | G10: 4886f98db3916b7131914bbfe5fa771491276d4a59ad9ac62d760d43435e7939 | H10: 2026-10-23
A11: SRC-07 | B11: Deep research report | C11: docs/reports/deep-research-report.md | D11: ABSA/Retrieval AC; baseline-first; NFR/governance; doc template/roadmap | E11: ABSA-AC-01..10; RET-AC-01..12; M0/M4/M8 | F11: Historical context; kiosk/old API/missing docs không override current product. Numerical thresholds marked assumptions. | G11: 8bf62561a43de6b1ccc2be5890eced7902269847d95f54986afa916ee2f27d69 | H11: 2026-10-23
A12: SRC-08 | B12: Ontology schema | C12: docs/ontology/ontology-schema.md | D12: Nodes, edges, traversal pattern | E12: M6.1–M6.3; DEC-06 | F12: Schema rút gọn phải reconcile với Issue/Firmware/Evidence/Team trong blueprint. | G12: c6dce4ba42396a6b4c951d87ef266c266ebe26521c23401dde4ff49982dd4cf5 | H12: 2026-10-23
A13: SRC-09 | B13: Capability map | C13: docs/product/capability-map.md | D13: Quantitative/qualitative/actionable/learning; module invariants | E13: Module Catalog; ARCH-BOUNDARY | F13: Giữ ranh giới ABSA/retrieval/graph/policy. | G13: 0ca2bdb555a2c48f3aae7e3ed037b79d77c50513293c711e89910283be44df47 | H13: 2026-10-23
A14: SRC-10 | B14: Crawler README | C14: git:9083135:Data_crawling/README.md | D14: Discovery/scrape exports; raw captures; isolation | E14: M1.1–M1.2 | F14: HISTORICAL ONLY: không có trong checkout eb194ff; git show 9083135:Data_crawling/README.md có blob khớp SHA-256. Chỉ raw data; navigation/footer chưa clean; adapter file boundary. | G14: b11ced8a57f68b7ca6ef5ef24ac5b6fad4202ae88265ac4351fdeedc62dc8b84 | H14: 2026-10-23
A15: SRC-11 | B15: Crawler design | C15: git:9083135:Data_crawling/docs/design.md | D15: Scope, URL handling, workflow, limits | E15: M1.1; DATA-01 | F15: HISTORICAL ONLY: không có trong checkout eb194ff; git show 9083135:Data_crawling/docs/design.md có blob khớp SHA-256. Không mở scope crawler trong plan này. | G15: a5f11f936c9115ccc4c4526d5c016d738a74abba759a9f25f56faa26dee113ed | H15: 2026-10-23
... A26: SRC-17 | B26: Excel template supplied by user | C26: https://github.com/khuonglaptri3/qpaf-visual-document-retrieval/blob/feature/m3-6-integrity-review/docs/GUILDLINE_OVERVIEWS_PROPOSAL/POAI_Milestone_Group01_Hoan_Chinh.xlsx | D26: Cover Page; WBS; Milestones; Proposal Traceability; Notes; dates/status/deliverable/Gantt | E26: Workbook structure and traceability design | F26: Adapt 16-week/3-member research template → 14-week/1-person SenticRAG; no borrowed completion statuses. | G26: 896bf26657a58f4d921c4b51b0428931a8770ccea3248201f1ce148714383bdc | H26: 2026-10-23
A27: WEB-01 | B27: FastAPI official docs | C27: https://fastapi.tiangolo.com/ | D27: API/backend reference | E27: TECH-01 | F27: Checked 23/10/2026; implementation versions remain pinned by project. | H27: 2026-10-23
A28: WEB-02 | B28: Qdrant Hybrid Queries official docs | C28: https://qdrant.tech/documentation/search/hybrid-queries/ | D28: Dense/sparse fusion reference | E28: TECH-06; M2.2 | F28: Referenced for design; no performance or quota claims inferred. | H28: 2026-10-23
A29: WEB-03 | B29: Neo4j constraints official docs | C29: https://neo4j.com/docs/cypher-manual/current/schema/constraints/ | D29: Graph integrity reference | E29: TECH-11; M6.2 | F29: Edition/version support must be checked during implementation. | H29: 2026-10-23
A30: WEB-04 | B30: React TypeScript official docs | C30: https://react.dev/learn/typescript | D30: Typed frontend reference | E30: TECH-02 | F30: Frontend choice proposed, not existing implementation. | H30: 2026-10-23

Sheet Notes
A1: NOTES | quy tắc dùng và nghiệm thu kế hoạch
A2: Kế hoạch lập theo yêu cầu mới nhất của người dùng, tham chiếu toàn bộ tài liệu hiện hữu; mọi kết quả triển khai vẫn cần được tạo và kiểm chứng.
A3: ← Cover Page
A4: ID | B4: Chủ đề | C4: Ghi chú
A5: N01 | B5: Cách đọc | C5: Cover → Milestones → Milestone Details → WBS/Task Details → Module/IO → Traceability/Gates. Source Register cung cấp nguồn và hash.
A6: N02 | B6: Một người | C6: Tất cả task owner là Trần Đình Khương. Role chỉ là loại công việc đang làm, không phải người bổ sung. Không lấy tên nhóm QPAF sang dự án này.
A7: N03 | B7: Ngày và effort | C7: Start 26/10/2026, W14 hết 31/01/2027, ngày làm việc cuối 29/01. Đơn vị 0,5 ngày/4h; buổi bắt đầu AM/PM trong Task Details. WBS chỉ hiển thị ngày; xem slots/capacity để tránh hiểu task cùng ngày là chồng lịch.
A8: N04 | B8: Capacity và nghỉ | C8: 60 ngày core/gate + 9 ngày buffer + 1 ngày nghỉ dự kiến 01/01 = 70 ngày T2–T6. Chưa tính mọi ngày nghỉ cá nhân/nghỉ lễ phát sinh. Rebaseline khi nghỉ vượt buffer; ngày trong workbook là baseline cố định.
A9: N05 | B9: Dependency | C9: Task core được xếp finish-to-start nối tiếp; giai đoạn sau chờ gate trước. Buffer là ngân sách lịch, không là task triển khai bắt buộc; M6.B nằm 01/01 trước gate M6 vì là ngày nghỉ.
A10: N06 | B10: Gates | C10: PASS có đủ evidence; FAIL cần sửa; BLOCKED thiếu prerequisite; NOT RUN chưa chạy. Mỗi gate có review report/demo/manifest. Gate report phải ghi open scope và measured metrics.
A11: N07 | B11: Trạng thái duy nhất | C11: Chỉnh Task Status tại WBS cột J; Milestones/Task Details lấy công thức tham chiếu. Tất cả core ban đầu Not Started; buffers Contingency; không tự nhận crawler cũ làm task mới Done.
A12: N08 | B12: Done | C12: Chỉ đặt Done khi đạt Definition of Done và điền Evidence thực tế tại Task Details. Nếu task implementation xong nhưng target fail thì báo rõ gate FAIL; không coi code tồn tại là story đã nghiệm thu.
A13: N09 | B13: Không mở rộng scope trong buffer | C13: Buffer dùng sửa lỗi/verification/nghỉ. Nếu không dùng, có thể rà soát thêm. Không tự lấp bằng global GraphRAG, Kubernetes HA hay nhiều candidate models.
A14: N10 | B14: Chatbot-first | C14: M0 thiết kế; M1 knowledge; M2 chatbot demo cuối W4. Không cần đợi ABSA/Neo4j. Sau M3 có order/policy decision, M4 triage, M6 confirmed issue context.
A15: N11 | B15: Ngưỡng không phải thành tích | C15: Targets F1/Recall/FRT/AHT/FCR trong docs chưa chứng minh repo đạt. Record sample_count, hardware, timestamps và test split. Synthetic replay không xác nhận business impact thật.
... A23: N19 | B23: Tài nguyên và deployment | C23: Tài nguyên/chi phí: SenticRAG_Resources_and_Deployment.md. Local cho phát triển; Modal ưu tiên thử cho demo ít tải và GPU jobs; VPS/EKS theo nhu cầu và ngân sách. Đây là phương án cần smoke/khóa tại M0, không phải dịch vụ đã deploy hoặc cam kết miễn phí.

Sheet Plan Revision
A1: RÀ SOÁT CẢI TIẾN NGOÀI DATA — 23/10/2026 | B1: Nội dung
A2: Phạm vi | B2: Rà soát re.txt ngày 23/10/2026: chỉ cải tiến ngoài data. 52 file chưa được người dùng duyệt; lần sửa này không nghiệm thu dữ liệu, không đổi Data Plan/M1.
A3: Đã có trong kế hoạch | B3: DEC-07 và IO-01/02 đã có chatbot không bắt buộc product; IO-10 có span optional và version; TECH-03 có migrations; TECH-02 có component dùng chung; TECH-09 có bounded FSM.
A4: Cụ thể hóa | B4: M0.3/0.4 khóa stack PostgreSQL, contracts và kiểm chứng; IO-02 quy định citation theo nguồn và kiểm claim; IO-10 đặt model/taxonomy version ở prediction. IO-08 dùng cùng Citation canonical với IO-02; không tạo schema citation khác cho resolution.
A5: UI theo giai đoạn | B5: M0 shell/routing/session; M2 Buyer Chat; M3 Agent Copilot; M5 Analytics cho Analyst/PM; M6 graph viewer và Steward Queue; M7 bổ sung annotation/active-learning queue trong Steward. Các UI task mở rộng apps/web, dùng chung citation viewer/API client, không dựng app mới.
A6: LangGraph | B6: Không phải dependency bắt buộc. Chỉ chọn trong ADR M0 nếu lợi ích resume/persistence đủ rõ trong timebox hiện có; nếu chọn thay FSM runtime và cập nhật TECH-09, MOD-06, M3.4, lockfile; không chạy hai runtime. Dù chọn gì, M3 phải có durable approval/resume và chống lặp action.
A7: Nghiệm thu liên quan | B7: G0: ADR/contract/migration smoke; G2: Q&A không product + citation resolver; G3: restart/approval/resume/idempotency; G4: ABSA versions/span; G5/G6/G7: route/API role checks cho các khu vực được mở; G8: đủ năm persona flows trên một app. Các trạng thái vẫn NOT RUN/Not Started.
A8: Effort và lịch | B8: Giữ lịch 14 tuần và 60 ngày core/gate; UI hợp nhất thay cách triển khai trong task cũ. FSM persistence làm rõ yêu cầu approval hiện có. Không thêm LangGraph spike ngoài timebox M0; nếu vượt effort cần dùng dự phòng có ghi nhận hoặc rebaseline, không giả định giảm 70% công sức.
A9: Tài liệu kỹ thuật | B9: SQLAlchemy PostgreSQL: https://docs.sqlalchemy.org/en/20/dialects/postgresql.html ; Alembic: https://alembic.sqlalchemy.org/en/latest/tutorial.html ; LangGraph interrupt: https://reference.langchain.com/python/langgraph/types/interrupt
A10: Trạng thái | B10: Đây là cập nhật kế hoạch, chưa cài dependency, tạo UI hay triển khai schema. Không đánh dấu task/gate hoàn thành từ việc chỉnh tài liệu.
A11: Audit kiến trúc tiếp theo | B11: DEC-18..21 và sheet Architecture Audit bổ sung gateway M2, MCP, outbox, versioned publication, acceptance profiles và source provenance. Xem docs/reports/planning-architecture-audit-2026-10-23.md.

Sheet Architecture Audit
A1: ID | B1: Nguồn | C1: Mapping | D1: Kết luận kế hoạch | E1: Evidence cần có
A2: ARCH-01 | B2: §1,5.2: hai pipelines | C2: M4.5/M5.1 và M2/M3/M6 | D2: Đúng; bổ sung outbox/replay | E2: G4/G5: accounting, inference coverage và delivery fault tests
A3: ARCH-02 | B3: §5.3,6.1: input/gateway | C3: M1.3/M2.4/M2.5/M4.6 | D3: Sửa rate limit sớm M2 | E3: G2: quota/429/Redis failure/PII; G4 router regression
A4: ARCH-03 | B4: §5.3,6.5: planning/FSM | C4: M3.4/M4.7 | D4: Làm rõ typed plan và Triaged | E4: G3: plan/tool/guardrail trace; G4: ABSA triage
A5: ARCH-04 | B5: §5.4: memory | C5: M2.5/M3.2/M3.3/M6.3 | D5: Đúng; cụ thể recall/playbook | E5: Ownership/history/context limits và versioned rules
A6: ARCH-05 | B6: §6.3: hybrid/BGE | C6: M2.1–M2.3/M5.3 | D6: BGE enable có điều kiện khác topology chuẩn | E6: Benchmark bật/tắt; tắt ghi deviation, không full topology PASS
A7: ARCH-06 | B7: §6.4 + SRC-02 §7.6: ontology | C7: M6.1–M6.8 | D7: Issue-centered mở rộng hợp lý; lifecycle có ADR | E7: Không coi cycle hợp lệ là lỗi; approved/confirmed evidence và version pin
A8: ARCH-07 | B8: §6.5: MCP | C8: M3.4/M3.8 | D8: Bổ sung protocol-level acceptance | E8: tools/list/call ba tool, schema/denied/timeout/transport
A9: ARCH-08 | B9: §5.3,6.5: guardrails | C9: M2.4/M3.3/M3.4 | D9: Tách claim/schema/policy/PII rõ | E9: JSON valid chưa chứng minh grounded; action approval/idempotency
A10: ARCH-09 | B10: §7: IAM/container | C10: M8.2/M8.3/M8.5 | D10: Cụ thể permissions; live conditional | E10: Render là design evidence; IAM runtime cần cloud tests
A11: ARCH-10 | B11: §8: APIs/contracts | C11: IO-01..13; M0/M2/M3/M4/M5 | D11: Giữ bốn API, mở chat tương thích | E11: UUID example sửa; auth-derived authors; typed feedback/citations
A12: ARCH-11 | B12: §9: ATE/F1/latency/KPIs | C12: Q-05/Q-08/Q-09/Q-15/Q-16 | D12: Tách demo và architecture-target | E12: Không thay .85 bằng .80 hoặc Pipeline B <2s bằng TTFT; pilot riêng
... A14: ARCH-13 | B14: Nguồn và đồng bộ artifacts | C14: SRC-02/05/06/10..13; DEC-21 | D14: Hash/refs được sửa; data giữ chưa duyệt | E14: Hash hiện tại vs historical; bảng Decisions và HTML đồng bộ
